Date/Time,Elv,Speed,Gids,SOC,AHr,Pack Volts,Pack Amps,Max CP mV,Min CP mV,Avg CP mV,CP mV Diff,Judgment Value,Pack T1 F,Pack T1 C,Pack T2 F,Pack T2 C,Pack T3 F,Pack T3 C,Pack T4 F,Pack T4 C,CP1,CP2,CP3,CP4,CP5,CP6,CP7,CP8,CP9,CP10,CP11,CP12,CP13,CP14,CP15,CP16,CP17,CP18,CP19,CP20,CP21,CP22,CP23,CP24,CP25,CP26,CP27,CP28,CP29,CP30,CP31,CP32,CP33,CP34,CP35,CP36,CP37,CP38,CP39,CP40,CP41,CP42,CP43,CP44,CP45,CP46,CP47,CP48,CP49,CP50,CP51,CP52,CP53,CP54,CP55,CP56,CP57,CP58,CP59,CP60,CP61,CP62,CP63,CP64,CP65,CP66,CP67,CP68,CP69,CP70,CP71,CP72,CP73,CP74,CP75,CP76,CP77,CP78,CP79,CP80,CP81,CP82,CP83,CP84,CP85,CP86,CP87,CP88,CP89,CP90,CP91,CP92,CP93,CP94,CP95,CP96,12v Bat Amps,Hx,12v Bat Volts,Odo(km),QC,L1/L2,TP-FL,TP-FR,TP-RR,TP-RL,Ambient,SOH,RegenWh,BLevel,epoch time,Motor Pwr(w),Aux Pwr(100w),A/C Pwr(250w),A/C Comp(0.1MPa),Est Pwr A/C(50w),Est Pwr Htr(250w),Plug State,Charge Mode,OBC Out Pwr,Gear,HVolt1,HVolt2,GPS Status,Power SW,BMS,OBC,Debug,Motor Temp,Inverter 2 Temp,Inverter 4 Temp, Speed1, Speed2,Wiper Status,Torque Nm,RPM,Debug
09/14/2022 8:07:24,2080,0,704,946769,1680562,400.51,1.312,4185,4167,4171,18,0,86.6,30.3,90.8,32.7,none,none,91.8,33.2,4168,4169,4169,4168,4167,4169,4167,4168,4168,4168,4170,4169,4175,4180,4177,4183,4182,4185,4170,4173,4173,4173,4168,4170,4172,4176,4170,4173,4174,4174,4171,4169,4169,4169,4168,4167,4169,4169,4171,4168,4168,4169,4169,4171,4171,4173,4173,4173,4172,4173,4173,4174,4173,4174,4173,4172,4174,4177,4176,4175,4174,4172,4172,4172,4172,4174,4168,4168,4169,4169,4170,4168,4171,4168,4172,4173,4174,4174,4177,4177,4178,4177,4174,4173,4174,4170,4172,4174,4174,4170,4171,4170,4172,4173,4172,4170,na,101.3,14.4,17339,42,182,39,38.5,39.5,39.75,63.5,95.27,-1155,54,1663164444.518,0,2,0,0,0,0,0,0,0,1,400.51,400.51,0B047F,1,1,1,80,63,40,40,0,0,0,0,0,3
09/14/2022 8:12:25,2083,0,695,935352,1680562,394.78,62.011,4122,4106,4111,16,0,87,30.6,91.2,32.9,none,none,92,33.3,4114,4109,4110,4109,4109,4109,4108,4108,4107,4107,4111,4108,4114,4118,4114,4120,4118,4122,4112,4114,4113,4113,4108,4109,4111,4114,4108,4111,4111,4111,4112,4108,4109,4108,4107,4107,4106,4107,4107,4110,4108,4109,4111,4112,4113,4113,4113,4112,4113,4114,4114,4116,4114,4115,4115,4113,4113,4118,4116,4115,4114,4112,4110,4112,4111,4112,4106,4108,4109,4107,4112,4108,4111,4107,4114,4114,4115,4114,4117,4117,4116,4117,4115,4113,4114,4111,4112,4112,4114,4112,4113,4112,4113,4114,4114,4111,-0.18,101.33,12.96,17341,42,182,35.25,35,35.75,35.75,59.9,95.27,-28,56,1663164745.97,13120,2,0,0,0,0,0,0,0,4,394.78,394.78,18037F,1,1,1,80,72,40,40,0,0,0,1.55,7616,3
09/14/2022 8:17:28,2083,0,673,905972,1680562,387.02,110.74,4040,4018,4031,22,0,87.8,31,92,33.3,none,none,92.4,33.6,4036,4031,4033,4030,4030,4032,4028,4025,4027,4027,4029,4028,4034,4036,4025,4039,4036,4040,4031,4034,4033,4034,4029,4029,4030,4032,4021,4028,4028,4030,4028,4027,4029,4028,4026,4027,4025,4025,4024,4026,4029,4029,4033,4033,4034,4034,4034,4031,4033,4035,4035,4037,4036,4038,4035,4034,4033,4035,4037,4036,4033,4032,4031,4032,4030,4033,4018,4027,4028,4026,4032,4030,4031,4026,4031,4034,4036,4036,4033,4036,4035,4036,4034,4035,4034,4031,4032,4033,4031,4032,4035,4034,4035,4035,4035,4032,-0.23,101.31,13.04,17347,42,182,36.75,36.5,37.25,37.25,56.3,95.27,-28,57,1663165048.637,25240,2,0,0,0,0,0,0,0,4,387.02,387.02,18037F,1,1,1,80,81,40,40,0,0,0,3.03,7622,3
09/14/2022 8:22:32,2083,0,650,875276,1680562,390.31,-22.582,4077,4059,4065,18,0,88.6,31.4,92.4,33.6,none,none,93,33.9,4059,4063,4063,4064,4062,4064,4062,4061,4062,4062,4064,4063,4068,4073,4069,4075,4075,4077,4064,4068,4067,4067,4063,4064,4066,4068,4061,4065,4066,4068,4060,4062,4062,4063,4062,4061,4063,4061,4063,4061,4064,4064,4065,4065,4066,4068,4068,4067,4067,4066,4068,4070,4067,4070,4068,4066,4066,4069,4071,4070,4069,4066,4066,4066,4067,4069,4061,4062,4064,4062,4063,4063,4064,4062,4066,4068,4068,4069,4068,4070,4071,4071,4066,4069,4069,4065,4066,4068,4067,4063,4067,4065,4067,4067,4067,4065,-0.22,101.3,13.04,17352,42,182,37.25,37,38.25,37.5,59.9,95.27,-114,59,1663165352.292,0,2,0,0,0,0,0,0,0,4,390.31,390.31,18037F,1,1,1,80,85,40,40,0,0,0,-1.03,7612,3
09/14/2022 8:27:34,2083,0,632,850831,1680562,388.33,-26.214,4057,4038,4044,19,0,89.2,31.8,93.4,34.1,none,none,93.6,34.2,4038,4042,4043,4041,4042,4042,4041,4041,4042,4042,4044,4042,4048,4051,4047,4056,4054,4057,4042,4047,4046,4046,4041,4044,4044,4048,4040,4045,4043,4047,4039,4042,4043,4043,4042,4040,4043,4042,4043,4040,4042,4043,4042,4045,4045,4046,4047,4046,4044,4047,4046,4048,4047,4048,4046,4046,4047,4048,4051,4048,4047,4045,4045,4045,4045,4048,4041,4042,4042,4042,4042,4042,4044,4040,4044,4048,4048,4048,4048,4050,4051,4050,4046,4047,4048,4044,4046,4046,4046,4043,4045,4044,4045,4046,4047,4044,-0.25,101.26,13.04,17358,42,182,37.5,37,38.25,37.5,59.9,95.27,-374,60,1663165654.859,0,2,0,0,0,0,0,0,0,4,388.33,388.33,18037F,1,1,1,80,88,40,40,0,0,0,-1.17,7618,3
09/14/2022 8:32:35,2083,0,617,831009,1680562,379.2,85.365,3956,3942,3948,14,0,88.8,31.6,92.8,33.8,none,none,93.6,34.2,3955,3947,3949,3949,3947,3945,3944,3945,3944,3943,3946,3944,3950,3954,3955,3955,3954,3955,3953,3950,3950,3950,3946,3946,3949,3950,3947,3947,3944,3943,3953,3945,3945,3945,3944,3944,3943,3942,3942,3950,3946,3946,3950,3951,3951,3950,3950,3948,3952,3951,3953,3953,3952,3952,3952,3951,3949,3953,3953,3951,3952,3950,3950,3950,3949,3945,3945,3943,3944,3942,3950,3945,3947,3945,3953,3952,3953,3948,3956,3953,3953,3951,3951,3950,3951,3948,3950,3950,3948,3950,3952,3951,3951,3951,3950,3947,-0.27,101.26,12.96,17364,42,182,37.5,37,38.25,38.25,60.8,95.27,-551,62,1663165955.076,18240,2,0,0,0,0,0,0,0,4,379.2,379.2,18037F,1,1,1,80,87,40,40,0,0,0,2.42,7608,3
09/14/2022 8:37:37,2083,0,591,795954,1680562,375.79,89.683,3919,3903,3912,16,0,89.6,32,93.8,34.3,none,none,94.2,34.6,3919,3912,3914,3912,3911,3910,3908,3909,3908,3908,3910,3909,3915,3917,3915,3919,3918,3919,3917,3916,3916,3914,3911,3911,3913,3915,3909,3909,3908,3906,3917,3909,3910,3908,3908,3908,3907,3906,3903,3912,3910,3909,3914,3914,3915,3915,3914,3911,3918,3915,3916,3918,3918,3917,3918,3915,3914,3918,3918,3916,3916,3913,3914,3914,3913,3909,3908,3908,3909,3907,3913,3909,3911,3908,3917,3916,3918,3912,3919,3916,3917,3915,3915,3914,3914,3913,3913,3913,3912,3913,3915,3915,3916,3915,3914,3911,-0.27,101.28,12.96,17370,42,182,37.5,37,38.25,38.25,60.8,95.27,-551,64,1663166257.862,19080,2,0,0,0,0,0,0,0,4,375.79,375.79,18037F,1,1,1,80,89,40,40,0,0,0,2.59,7606,3
09/14/2022 8:42:39,2083,0,567,762605,1680562,369.07,162.046,3855,3833,3843,22,0,89.8,32.1,94.2,34.6,none,none,94.8,34.9,3855,3842,3845,3844,3843,3839,3838,3841,3836,3837,3839,3837,3844,3846,3850,3849,3845,3846,3853,3846,3845,3845,3842,3840,3844,3845,3843,3838,3837,3834,3852,3837,3839,3837,3837,3838,3837,3836,3833,3845,3841,3839,3845,3845,3845,3845,3843,3841,3849,3845,3846,3848,3849,3846,3847,3845,3843,3849,3845,3846,3847,3845,3846,3843,3843,3837,3839,3839,3839,3838,3846,3839,3841,3839,3851,3846,3848,3840,3852,3845,3847,3844,3849,3843,3846,3844,3845,3842,3842,3846,3846,3846,3846,3845,3845,3841,-0.28,101.28,13.04,17375,42,182,37.5,37,38.25,38.25,59,95.27,-553,65,1663166559.236,32320,2,0,0,0,0,0,0,0,4,369.07,369.07,18037F,1,1,1,80,89,40,40,0,0,0,3.69,7230,3
09/14/2022 8:47:45,2083,0,551,741991,1680562,374.7,0.152,3911,3894,3902,17,0,90,32.2,94.2,34.6,none,none,95.4,35.2,3899,3899,3902,3902,3899,3901,3897,3896,3898,3898,3900,3899,3905,3907,3905,3911,3909,3910,3904,3905,3904,3904,3899,3901,3903,3903,3897,3898,3897,3897,3899,3898,3900,3897,3898,3899,3895,3897,3894,3900,3899,3899,3904,3904,3904,3905,3904,3903,3904,3905,3906,3906,3906,3906,3906,3905,3904,3906,3907,3907,3906,3905,3905,3904,3902,3903,3897,3899,3899,3898,3900,3900,3900,3898,3904,3905,3906,3902,3906,3905,3906,3906,3903,3904,3905,3904,3904,3903,3902,3901,3905,3904,3907,3904,3903,3902,-6.34,101.29,12.56,17379,42,182,38.25,37.5,38.5,38.25,58.1,95.27,-726,67,1663166865.714,0,0,0,0,0,0,0,0,0,1,374.7,374.7,180377,0,1,1,0,88,40,40,0,0,0,0,0,3
09/14/2022 8:52:50,2083,0,551,741964,1680562,375.79,-0.197,3928,3906,3914,22,0,89.4,31.9,93.6,34.2,none,none,95.4,35.2,3907,-3916,3909,-3917,3907,-3916,3908,-3915,3907,-3915,3909,-3915,3913,-3926,3914,-3927,3919,-3928,3910,-3920,3912,-3920,3906,-3916,3911,-3922,3907,-3919,3910,-3918,3910,-3915,3908,-3913,3907,-3914,3908,-3914,3907,-3916,3908,-3915,3910,-3918,3912,-3920,3913,-3917,3913,-3918,3914,-3920,3913,-3919,3915,-3919,3915,-3921,3916,-3920,3915,-3919,3911,-3920,3913,-3918,3909,-3913,3909,-3915,3910,-3913,3910,-3917,3910,-3923,3912,-3923,3914,-3924,3914,-3925,3910,-3921,3912,-3918,3911,-3921,3911,-3917,3911,-3918,3911,-3920,3911,-3916,-10.62,101.29,12.08,17379,42,182,38.25,37.5,38.5,38.25,59.9,95.27,-726,68,1663167170.188,0,0,0,0,0,0,0,0,0,1,375.79,375.79,18037F,1,1,1,80,75,40,40,0,0,0,0,0,3
09/14/2022 8:57:52,2083,0,547,736324,1680562,367.9,137.713,3841,3814,3830,27,0,89,31.7,93.4,34.1,none,none,95.4,35.2,3834,-3834,3827,-3833,3825,-3832,3820,-3828,3822,-3829,3825,-3830,3827,-3836,3819,-3840,3830,-3841,3827,-3837,3828,-3835,3825,-3832,3826,-3836,3818,-3833,3823,-3830,3825,-3829,3824,-3829,3824,-3829,3822,-3828,3816,-3830,3825,-3831,3829,-3836,3829,-3837,3829,-3830,3829,-3835,3831,-3838,3832,-3838,3831,-3836,3829,-3837,3833,-3837,3830,-3835,3827,-3835,3826,-3833,3814,-3829,3823,-3828,3827,-3830,3824,-3828,3826,-3839,3828,-3840,3827,-3840,3829,-3838,3827,-3837,3828,-3835,3827,-3836,3825,-3835,3829,-3836,3830,-3837,3828,-3831,7.68,101.29,14.4,17380,42,182,36.25,36,36.5,36.75,60.8,95.27,-3,69,1663167472.312,27640,2,0,0,0,0,0,0,0,4,367.9,367.9,18037F,1,1,1,80,77,40,40,0,0,0,4.58,5948,3
09/14/2022 9:02:53,2083,0,521,700834,1680562,364.65,66.084,3808,3785,3797,23,0,89.8,32.1,94,34.4,none,none,95.8,35.4,3797,-3800,3794,-3801,3793,-3801,3788,-3795,3790,-3797,3791,-3797,3795,-3805,3793,-3808,3797,-3807,3793,-3804,3795,-3802,3790,-3799,3794,-3803,3787,-3800,3790,-3797,3790,-3795,3792,-3796,3791,-3797,3789,-3796,3785,-3798,3791,-3798,3796,-3803,3796,-3803,3796,-3798,3798,-3803,3799,-3805,3799,-3806,3798,-3802,3794,-3802,3800,-3804,3797,-3803,3795,-3802,3793,-3798,3786,-3796,3791,-3794,3792,-3795,3792,-3798,3794,-3806,3795,-3804,3794,-3806,3795,-3805,3792,-3804,3795,-3802,3794,-3802,3792,-3801,3796,-3804,3796,-3803,3794,-3798,3.45,101.33,14.4,17385,42,182,36.75,36,37.25,37.25,53.6,95.27,-3,70,1663167773.596,14440,2,0,0,0,0,0,0,0,4,364.65,364.65,18037F,1,1,1,80,87,40,40,0,0,0,1.72,7615,3
09/14/2022 9:07:54,2083,0,490,660189,1680562,358.07,109.478,3742,3716,3730,26,0,90.4,32.4,94.8,34.9,none,none,96.2,35.7,3732,-3735,3728,-3737,3727,-3734,3721,-3728,3721,-3731,3725,-3731,3727,-3737,3720,-3741,3729,-3739,3729,-3738,3728,-3736,3724,-3734,3725,-3734,3718,-3733,3721,-3729,3725,-3730,3724,-3731,3723,-3730,3720,-3728,3716,-3730,3723,-3734,3730,-3738,3730,-3737,3727,-3731,3730,-3737,3732,-3740,3732,-3739,3733,-3737,3728,-3736,3731,-3738,3730,-3736,3728,-3735,3725,-3732,3716,-3730,3723,-3728,3728,-3730,3724,-3732,3726,-3742,3728,-3739,3726,-3739,3726,-3738,3725,-3738,3728,-3738,3727,-3737,3723,-3737,3729,-3740,3731,-3739,3728,-3732,-0.42,101.33,12.96,17391,42,182,37.25,36.5,37.5,37.25,53.6,95.27,-3,71,1663168074.062,23000,2,0,0,0,0,0,0,0,4,358.07,358.07,18037F,1,1,1,80,90,40,40,0,0,0,2.83,7615,3
09/14/2022 9:12:57,2083,0,454,611404,1680562,352.73,117.828,3683,3657,3673,26,0,91.6,33.1,95.8,35.4,none,none,96.8,36,3676,-3677,3672,-3679,3671,-3677,3664,-3669,3664,-3672,3669,-3673,3672,-3677,3664,-3681,3671,-3679,3670,-3680,3671,-3678,3667,-3675,3670,-3676,3661,-3673,3664,-3669,3666,-3671,3667,-3672,3667,-3674,3664,-3670,3658,-3673,3668,-3675,3674,-3681,3674,-3681,3672,-3673,3674,-3680,3676,-3682,3677,-3683,3676,-3679,3671,-3678,3676,-3680,3674,-3680,3672,-3677,3670,-3675,3657,-3672,3667,-3668,3669,-3673,3667,-3672,3670,-3682,3671,-3680,3667,-3680,3671,-3678,3667,-3679,3672,-3681,3672,-3679,3667,-3679,3673,-3683,3673,-3681,3672,-3675,-0.23,101.36,12.96,17397,42,182,37.25,36.5,37.5,37.5,58.1,95.27,-16,73,1663168377.9,24920,2,0,0,0,0,0,0,0,4,352.73,352.73,18037F,1,1,1,80,94,40,40,0,0,0,2.91,7587,3
09/14/2022 9:17:59,2083,0,423,569971,1680562,353.12,33.706,3687,3665,3678,22,0,92,33.3,96.6,35.9,none,none,97.2,36.2,3676,-3682,3677,-3683,3675,-3681,3670,-3675,3670,-3678,3673,-3678,3676,-3685,3673,-3687,3677,-3686,3676,-3684,3677,-3683,3672,-3680,3675,-3683,3669,-3680,3671,-3676,3673,-3677,3673,-3679,3673,-3678,3671,-3677,3665,-3679,3673,-3680,3678,-3685,3677,-3684,3676,-3680,3679,-3683,3680,-3686,3680,-3686,3680,-3684,3677,-3683,3680,-3684,3678,-3685,3677,-3684,3676,-3680,3668,-3678,3673,-3678,3674,-3677,3673,-3679,3674,-3687,3676,-3685,3674,-3685,3675,-3685,3672,-3684,3677,-3685,3676,-3683,3672,-3682,3676,-3685,3677,-3685,3676,-3679,-0.26,101.36,12.96,17403,42,182,37.25,36.5,37.5,37.5,54.5,95.27,-16,74,1663168679.645,6800,2,0,0,0,0,0,0,0,4,353.12,353.12,18037F,1,1,1,80,93,40,40,0,0,0,0.73,7615,3
09/14/2022 9:23:01,2083,0,408,548949,1680562,350.72,62.361,3662,3638,3652,24,0,91.2,32.9,95.4,35.2,none,none,97,36.1,3651,-3657,3650,-3658,3648,-3658,3644,-3650,3644,-3653,3647,-3653,3649,-3659,3643,-3661,3650,-3660,3649,-3660,3650,-3658,3645,-3655,3648,-3658,3640,-3656,3644,-3653,3644,-3653,3647,-3653,3646,-3654,3644,-3652,3638,-3654,3647,-3656,3651,-3660,3651,-3661,3650,-3653,3652,-3658,3653,-3661,3654,-3662,3654,-3659,3650,-3657,3654,-3658,3652,-3659,3650,-3658,3649,-3657,3638,-3653,3647,-3651,3647,-3653,3646,-3653,3647,-3661,3648,-3662,3645,-3661,3649,-3661,3645,-3660,3649,-3660,3649,-3659,3645,-3658,3650,-3660,3651,-3660,3649,-3655,-0.23,101.37,12.96,17408,42,182,37.25,36.5,37.5,37.5,52.7,95.27,-16,75,1663168981.89,13480,2,0,0,0,0,0,0,0,4,350.72,350.72,18037F,1,1,1,80,88,40,40,0,0,0,1.59,7620,3
09/14/2022 9:28:06,2083,0,392,527800,1680562,349.55,56.014,3651,3628,3641,23,0,90.8,32.7,95.2,35.1,none,none,96.8,36,3640,-3646,3639,-3648,3637,-3645,3633,-3641,3633,-3642,3635,-3642,3638,-3647,3635,-3650,3638,-3649,3638,-3648,3639,-3647,3635,-3645,3636,-3647,3632,-3643,3633,-3641,3635,-3642,3635,-3642,3636,-3642,3633,-3641,3628,-3644,3636,-3644,3640,-3648,3640,-3649,3638,-3641,3641,-3648,3642,-3649,3644,-3650,3642,-3647,3639,-3647,3641,-3646,3641,-3648,3639,-3647,3638,-3644,3631,-3642,3636,-3641,3638,-3643,3635,-3644,3637,-3651,3637,-3649,3636,-3649,3637,-3648,3635,-3648,3637,-3647,3636,-3646,3635,-3648,3638,-3649,3639,-3649,3637,-3643,-0.25,101.37,12.96,17414,42,182,37.25,36.5,37.5,37.5,54.5,95.27,-86,76,1663169286.214,11920,2,0,0,0,0,0,0,0,4,349.55,349.55,18037F,1,1,1,80,87,40,40,0,0,0,1.31,7620,3
09/14/2022 9:33:09,2083,0,366,492176,1680562,344.15,105.743,3593,3566,3583,27,0,90.6,32.6,95.2,35.1,none,none,97,36.1,3585,-3588,3582,-3591,3581,-3587,3574,-3582,3575,-3584,3578,-3584,3579,-3586,3572,-3589,3578,-3587,3582,-3590,3580,-3588,3577,-3586,3578,-3587,3573,-3584,3572,-3578,3579,-3584,3579,-3584,3578,-3585,3575,-3582,3566,-3585,3578,-3587,3583,-3592,3584,-3592,3579,-3582,3585,-3591,3585,-3592,3587,-3593,3586,-3590,3580,-3588,3583,-3590,3583,-3591,3582,-3589,3579,-3584,3570,-3583,3577,-3580,3579,-3584,3576,-3585,3580,-3592,3579,-3589,3577,-3590,3578,-3589,3577,-3590,3579,-3591,3581,-3588,3575,-3590,3582,-3593,3582,-3592,3578,-3584,-0.29,101.37,12.96,17420,42,182,37.25,36.5,37.5,37.25,50.9,95.27,-86,77,1663169589.259,21760,2,0,0,0,0,0,0,0,4,344.15,344.15,18037F,1,1,1,80,90,40,40,0,0,0,2.52,7618,3
09/14/2022 9:38:12,2083,0,348,468492,1680562,346.05,59.157,3613,3590,3604,23,0,90.2,32.3,94.4,34.7,none,none,96.6,35.9,3604,-3610,3603,-3611,3601,-3608,3596,-3604,3597,-3605,3599,-3605,3601,-3608,3597,-3611,3600,-3610,3603,-3610,3601,-3610,3600,-3607,3600,-3609,3596,-3607,3596,-3602,3600,-3605,3600,-3607,3600,-3607,3596,-3604,3590,-3607,3599,-3607,3603,-3612,3604,-3613,3601,-3605,3604,-3610,3604,-3612,3606,-3612,3605,-3610,3602,-3610,3604,-3609,3604,-3611,3603,-3611,3601,-3606,3595,-3606,3599,-3604,3602,-3606,3598,-3606,3599,-3613,3600,-3611,3599,-3611,3599,-3612,3599,-3610,3601,-3612,3601,-3611,3597,-3611,3602,-3612,3602,-3611,3600,-3606,1.16,101.37,14.4,17426,42,182,37.25,36.5,37.5,37.5,51.8,95.27,-86,79,1663169892.88,11920,2,0,0,0,0,0,0,0,4,346.05,346.05,18037F,1,1,1,80,87,40,40,0,0,0,1.39,7613,3
09/14/2022 9:43:16,2083,0,324,436516,1680562,342.17,104.424,3575,3549,3565,26,0,90,32.2,94.4,34.7,none,none,96.6,35.9,3567,-3572,3566,-3572,3565,-3570,3558,-3562,3558,-3566,3561,-3567,3563,-3567,3552,-3570,3561,-3568,3563,-3571,3564,-3570,3562,-3568,3562,-3568,3553,-3565,3556,-3560,3560,-3566,3563,-3567,3562,-3568,3558,-3563,3549,-3564,3562,-3569,3567,-3573,3566,-3573,3563,-3565,3566,-3571,3567,-3573,3569,-3575,3568,-3572,3564,-3569,3566,-3572,3565,-3572,3565,-3570,3562,-3567,3550,-3567,3561,-3564,3563,-3567,3560,-3564,3561,-3573,3563,-3572,3557,-3569,3560,-3569,3559,-3571,3563,-3571,3563,-3570,3557,-3571,3565,-3574,3565,-3571,3563,-3566,-0.32,101.37,12.96,17432,42,182,37.25,36.5,38.25,37.5,52.7,95.27,-86,80,1663170196.743,22400,2,0,0,0,0,0,0,0,4,342.17,342.17,18037F,1,1,1,80,88,40,40,0,0,0,2,7802,3
09/14/2022 9:48:16,2083,0,302,406386,1680562,339,133.208,3540,3510,3529,30,0,90,32.2,94.8,34.9,none,none,96.8,36,3534,-3537,3531,-3538,3529,-3535,3520,-3526,3521,-3530,3525,-3531,3526,-3531,3515,-3534,3523,-3531,3527,-3536,3528,-3535,3525,-3533,3526,-3532,3514,-3529,3517,-3522,3525,-3531,3526,-3532,3525,-3532,3520,-3528,3510,-3530,3525,-3535,3533,-3540,3532,-3539,3528,-3528,3531,-3537,3532,-3539,3534,-3540,3532,-3537,3526,-3534,3530,-3536,3531,-3538,3530,-3536,3526,-3528,3512,-3531,3524,-3526,3525,-3532,3523,-3529,3526,-3539,3526,-3534,3519,-3536,3523,-3534,3520,-3537,3526,-3538,3527,-3534,3520,-3538,3529,-3540,3531,-3538,3527,-3530,-0.27,101.39,12.96,17437,42,182,37.25,36.5,38.25,37.5,56.3,95.27,-114,81,1663170496.947,27200,2,0,0,0,0,0,0,0,4,339,339,18037F,1,1,1,80,88,40,40,0,0,0,3.17,7619,3
09/14/2022 9:53:18,2083,0,281,378369,1680562,346.83,-51.589,3621,3602,3612,19,0,90.6,32.6,95,35,none,none,97.2,36.2,3606,-3617,3609,-3619,3608,-3616,3607,-3614,3606,-3616,3608,-3614,3609,-3619,3613,-3621,3609,-3619,3612,-3618,3608,-3619,3607,-3616,3608,-3618,3607,-3615,3604,-3611,3609,-3615,3609,-3614,3607,-3615,3606,-3614,3602,-3617,3608,-3616,3611,-3619,3611,-3619,3608,-3614,3612,-3617,3611,-3618,3613,-3617,3612,-3617,3611,-3616,3611,-3616,3613,-3619,3612,-3618,3609,-3614,3611,-3614,3607,-3613,3609,-3614,3607,-3617,3608,-3620,3607,-3617,3609,-3620,3607,-3621,3606,-3618,3607,-3618,3609,-3617,3606,-3617,3608,-3619,3609,-3618,3607,-3615,-0.25,101.39,12.96,17443,42,182,37.25,37,38.25,37.5,58.1,95.27,-236,82,1663170798.957,0,2,0,0,0,0,0,0,0,4,346.83,346.83,18037F,1,1,1,80,89,40,40,0,0,0,-1.47,7614,3
09/14/2022 9:58:22,2083,0,271,365329,1680562,341.46,64.131,3566,3543,3558,23,0,90.2,32.3,94.8,34.9,none,none,97,36.1,3562,-3562,3557,-3565,3556,-3560,3551,-3558,3551,-3558,3553,-3558,3554,-3560,3556,-3562,3552,-3559,3562,-3563,3556,-3562,3554,-3560,3555,-3561,3554,-3559,3549,-3551,3559,-3558,3555,-3558,3554,-3559,3551,-3557,3543,-3564,3554,-3561,3559,-3565,3557,-3564,3555,-3556,3560,-3563,3559,-3564,3560,-3564,3560,-3564,3556,-3564,3558,-3562,3558,-3563,3559,-3562,3555,-3556,3553,-3558,3553,-3557,3560,-3558,3553,-3559,3558,-3566,3555,-3561,3557,-3563,3552,-3563,3555,-3561,3555,-3564,3556,-3561,3551,-3564,3556,-3565,3557,-3564,3554,-3558,-0.3,101.39,12.96,17448,42,182,37.5,37,38.25,37.5,59,95.27,-480,83,1663171102.162,12720,2,0,0,0,0,0,0,0,4,341.46,341.46,18037F,1,1,1,80,88,40,40,0,0,0,1.55,7615,3
09/14/2022 10:03:22,2083,0,257,345602,1680562,344.71,-10.39,3598,3583,3590,15,0,90.6,32.6,95,35,none,none,97.2,36.2,3592,3586,-3596,3588,-3594,3587,-3590,3583,-3590,3584,-3593,3584,-3596,3586,-3595,3588,-3595,3587,3596,3587,-3595,3587,-3593,3586,-3594,3585,-3591,3584,3590,3583,-3592,3586,-3592,3586,-3593,3587,-3590,3584,-3587,3587,-3593,3585,-3597,3588,-3596,3589,3595,3586,-3595,3589,-3595,3591,-3596,3592,-3595,3590,-3595,3589,3595,3590,-3595,3590,-3596,3588,-3594,3587,-3590,3586,3592,3585,-3594,3587,-3592,3584,-3598,3586,-3597,3584,-3597,3585,-3596,3587,-3595,3585,-3595,3587,3596,3585,-3593,3587,-3597,3587,-3596,3587,-3595,3585,-0.29,101.39,12.96,17453,42,182,37.5,37,38.5,38.25,59.9,95.27,-761,85,1663171402.267,0,2,0,0,0,0,0,0,0,4,344.71,344.71,18037F,1,1,1,80,92,40,40,0,0,0,-1.14,947,3
09/14/2022 10:08:37,2083,0,256,345350,1680562,345.03,0.991,3601,3584,3594,17,3583,90.4,32.4,95,35,none,none,97.2,36.2,3590,-3598,3591,-3599,3591,-3597,3589,-3594,3588,-3595,3589,-3595,3591,-3598,3589,-3601,3592,-3600,3591,-3598,3590,-3599,3590,-3597,3591,-3599,3587,-3596,3586,-3593,3589,-3595,3591,-3595,3590,-3596,3588,-3595,3584,-3596,3589,-3596,3593,-3599,3593,-3600,3591,-3594,3594,-3597,3594,-3599,3595,-3600,3595,-3599,3592,-3598,3594,-3597,3594,-3601,3593,-3599,3591,-3598,3587,-3595,3591,-3595,3591,-3595,3590,-3597,3591,-3601,3591,-3600,3589,-3599,3589,-3600,3588,-3598,3591,-3600,3591,-3599,3588,-3598,3591,-3599,3592,-3599,3590,-3596,-12.97,101.39,12.64,17453,42,182,37.5,37,38.5,38.25,59.9,95.27,-762,86,1663171717.765,0,2,0,0,0,0,0,0,0,1,345.03,345.03,180377,0,1,1,0,87,40,40,0,0,0,0,0,3
09/14/2022 9:42:42,2713,0,557,749457,1680386,378.65,0.915,3958,3935,3944,23,0,105.3,40.8,111.5,44.1,none,none,112.7,44.9,-3943,3935,-3946,3936,-3945,3937,-3946,3937,-3945,3935,-3946,3936,-3953,3947,-3955,3948,-3958,3950,-3948,3941,-3950,3940,-3946,3938,-3949,3943,-3948,3940,-3950,3945,-3944,3937,-3944,3936,-3944,3935,-3945,3936,-3948,3937,-3944,3935,-3945,3939,-3948,3940,-3951,3940,-3947,3940,-3947,3942,-3948,3943,-3948,3942,-3951,3945,-3951,3944,-3950,3940,-3949,3941,-3949,3942,-3945,3937,-3946,3939,-3945,3937,-3947,3936,-3953,3939,-3956,3940,-3958,3943,-3957,3944,-3955,3939,-3953,3937,-3950,3939,-3954,3937,-3949,3937,-3949,3939,-3952,3938,na,101.39,12.96,17453,43,182,37.5,37,38.5,38.25,71.6,95.26,-762,83,1663173762.539,0,2,0,0,0,0,0,0,0,1,378.65,378.65,06047F,1,1,1,80,71,40,40,0,0,0,0,0,3
09/14/2022 9:47:44,2709,0,548,737176,1680386,373.63,38.909,3902,3882,3891,20,0,105.1,40.6,111.2,44,none,none,113.3,45.1,-3893,3885,-3895,3886,-3893,3885,-3889,3883,-3891,3884,-3893,3884,-3898,3891,-3896,3894,-3902,3895,-3896,3889,-3897,3888,-3893,3885,-3895,3888,-3892,3886,-3895,3889,-3893,3886,-3891,3885,-3891,3885,-3889,3883,-3890,3884,-3892,3885,-3895,3888,-3896,3890,-3897,3887,-3894,3890,-3897,3893,-3896,3893,-3897,3891,-3895,3894,-3899,3893,-3897,3890,-3896,3890,-3895,3889,-3889,3885,-3891,3885,-3893,3885,-3892,3882,-3898,3887,-3901,3888,-3902,3890,-3902,3890,-3900,3889,-3897,3887,-3897,3888,-3897,3886,-3897,3888,-3898,3889,-3898,3886,-0.32,101.4,12.96,17454,43,182,35.75,36.5,37.5,36.25,66.2,95.26,-58,84,1663174064.894,7640,2,0,0,0,0,0,0,0,4,373.63,373.63,0A037F,1,1,1,80,83,40,40,0,0,0,1.09,7613,3
09/14/2022 9:52:46,2709,0,521,701460,1680386,368.96,67.504,3854,3831,3841,23,0,105.8,41,112,44.4,none,none,113.8,45.4,-3847,3834,-3848,3835,-3844,3835,-3840,3832,-3841,3833,-3844,3833,-3848,3839,-3849,3842,-3851,3842,-3847,3838,-3848,3836,-3844,3834,-3846,3838,-3845,3835,-3844,3835,-3845,3834,-3842,3835,-3841,3835,-3841,3831,-3839,3832,-3843,3833,-3847,3839,-3848,3840,-3848,3837,-3846,3840,-3848,3842,-3847,3842,-3848,3839,-3846,3844,-3849,3843,-3849,3840,-3847,3839,-3847,3836,-3838,3834,-3843,3832,-3843,3834,-3843,3831,-3852,3835,-3854,3835,-3853,3839,-3853,3837,-3850,3838,-3850,3836,-3850,3836,-3846,3837,-3849,3837,-3849,3838,-3849,3834,-0.29,101.38,12.96,17460,43,182,37.25,37,38.25,37.5,60.8,95.26,-106,86,1663174366.926,13200,2,0,0,0,0,0,0,0,4,368.96,368.96,0A037F,1,1,1,80,89,40,40,0,0,0,2.22,7605,3
09/14/2022 9:57:48,2709,0,486,654031,1680386,364.09,-10.711,3803,3783,3793,20,0,106.7,41.5,112.7,44.9,none,none,114.5,45.9,-3792,3787,-3797,3788,-3795,3785,-3790,3783,-3790,3784,-3794,3786,-3799,3793,-3798,3794,-3801,3793,-3798,3792,-3799,3790,-3793,3786,-3796,3789,-3794,3786,-3793,3787,-3790,3785,-3791,3785,-3792,3787,-3790,3784,-3788,3785,-3793,3785,-3798,3792,-3800,3793,-3799,3791,-3797,3793,-3801,3795,-3801,3795,-3800,3795,-3799,3796,-3801,3796,-3799,3794,-3798,3792,-3798,3791,-3790,3786,-3793,3786,-3791,3785,-3792,3784,-3801,3790,-3803,3789,-3803,3792,-3803,3791,-3801,3791,-3801,3790,-3801,3790,-3798,3788,-3800,3790,-3801,3790,-3800,3788,-0.32,101.37,12.96,17466,43,182,37.5,37,38.25,38.25,58.1,95.26,-111,87,1663174668.529,0,2,0,0,0,0,0,0,0,4,364.09,364.09,0A037F,1,1,1,80,95,40,40,0,0,0,-0.69,7312,3
09/14/2022 10:02:51,2709,0,467,628799,1680386,360.11,48.308,3762,3742,3751,20,0,106.5,41.4,112.2,44.6,none,none,114.3,45.7,-3754,3745,-3756,3747,-3754,3744,-3748,3742,-3749,3743,-3753,3743,-3757,3751,-3755,3752,-3759,3751,-3757,3749,-3757,3748,-3751,3745,-3755,3749,-3752,3744,-3752,3745,-3752,3744,-3750,3744,-3750,3746,-3749,3742,-3747,3743,-3751,3745,-3757,3751,-3758,3752,-3758,3749,-3756,3750,-3757,3752,-3758,3754,-3759,3753,-3757,3754,-3758,3753,-3758,3752,-3757,3750,-3757,3749,-3747,3745,-3752,3744,-3751,3744,-3751,3742,-3759,3748,-3762,3747,-3762,3750,-3761,3749,-3759,3749,-3759,3749,-3760,3748,-3757,3747,-3758,3748,-3759,3749,-3758,3746,-0.35,101.36,12.96,17470,43,182,37.5,37,38.5,38.25,59,95.26,-190,89,1663174971.667,9960,2,0,0,0,0,0,0,0,4,360.11,360.11,0A037F,1,1,1,80,88,40,40,0,0,0,1.73,5471,3
09/14/2022 10:07:55,2709,0,452,609041,1680386,359.74,1.342,3757,3738,3747,19,0,105.6,40.9,110.7,43.7,none,none,114,45.6,-3746,3741,-3751,3743,-3749,3741,-3746,3739,-3746,3740,-3749,3741,-3753,3747,-3754,3749,-3755,3749,-3751,3745,-3752,3743,-3747,3741,-3751,3743,-3749,3742,-3750,3743,-3747,3741,-3747,3741,-3748,3742,-3746,3739,-3746,3740,-3749,3742,-3751,3745,-3753,3745,-3752,3743,-3750,3747,-3752,3749,-3753,3748,-3753,3747,-3751,3749,-3754,3749,-3754,3746,-3751,3745,-3751,3744,-3746,3741,-3748,3741,-3748,3740,-3747,3738,-3753,3743,-3756,3744,-3757,3746,-3756,3745,-3754,3744,-3755,3744,-3754,3744,-3752,3742,-3753,3743,-3753,3745,-3754,3741,-0.3,101.35,12.96,17474,43,182,37.25,37,38.25,37.5,57.2,95.26,-190,91,1663175275.602,440,2,0,0,0,0,0,0,0,4,359.74,359.74,0A037F,1,1,1,80,83,40,40,0,0,0,-0.19,5501,3
09/14/2022 10:12:57,2709,0,438,589228,1680386,354.53,98.145,3708,3684,3693,24,0,104.9,40.5,110.4,43.6,none,none,113.8,45.4,-3702,3689,-3699,3690,-3697,3685,-3692,3686,-3692,3686,-3695,3687,-3698,3691,-3702,3693,-3700,3690,-3703,3692,-3699,3690,-3696,3688,-3698,3690,-3699,3688,-3695,3685,-3700,3688,-3693,3688,-3694,3688,-3693,3684,-3689,3691,-3695,3687,-3699,3693,-3700,3694,-3699,3688,-3700,3694,-3702,3696,-3701,3694,-3700,3694,-3697,3697,-3699,3695,-3701,3694,-3700,3692,-3697,3686,-3694,3688,-3694,3685,-3696,3687,-3694,3685,-3704,3690,-3704,3685,-3708,3692,-3703,3689,-3703,3690,-3701,3690,-3700,3689,-3697,3690,-3699,3691,-3700,3691,-3699,3686,-0.34,101.34,12.96,17480,43,182,37.25,36.5,38.25,37.5,58.1,95.26,-267,92,1663175577.54,21600,2,0,0,0,0,0,0,0,4,354.53,354.53,0A037F,1,1,1,80,87,40,40,0,0,0,2.02,7840,3
09/14/2022 10:17:57,3750,70,421,566724,1680386,353.02,93.259,3687,3666,3676,21,0,104.2,40.1,109.4,43,none,none,113.3,45.1,3684,3672,3682,-3673,3680,-3671,3675,-3668,3678,-3670,3680,-3669,3683,-3672,3681,-3675,3683,-3674,3683,3675,3683,-3671,3679,-3671,3680,-3670,3677,-3670,3679,-3669,3679,3670,3679,-3672,3680,-3672,3677,-3668,3673,-3670,3680,3672,3684,-3676,3685,-3675,3683,-3671,3681,-3676,3683,-3678,3685,-3678,3684,-3676,3679,-3678,3684,3679,3684,-3676,3684,-3675,3681,-3670,3672,-3670,3678,3667,3678,-3671,3679,-3666,3684,-3672,3687,-3670,3685,-3672,3687,-3670,3685,-3673,3685,-3672,3683,3671,3680,-3672,3684,-3673,3685,-3673,3684,-3669,-0.35,101.33,12.96,17486,43,182,37.5,37,38.25,38.25,57.2,95.26,-267,94,1663175877.666,19000,2,0,0,0,0,0,0,0,4,353.02,353.02,12047F,1,1,1,80,88,40,40,0,0,0,2.38,7613,3
09/14/2022 10:22:59,3750,70,409,550816,1680386,356.34,-13.427,3723,3703,3712,20,0,103.3,39.6,108.4,42.4,none,none,112.5,44.7,3706,-3716,3707,-3717,3706,-3714,3704,-3713,3705,-3714,3707,3714,3709,-3721,3711,-3723,3711,-3721,3708,-3718,3709,3717,3705,-3715,3707,-3719,3705,-3718,3707,-3714,3707,-3712,3706,3713,3706,-3714,3705,-3712,3703,-3716,3705,-3714,3708,-3717,3709,-3718,3708,-3713,3712,-3718,3711,3719,3712,-3717,3712,-3717,3709,-3719,3713,-3718,3712,3718,3709,-3718,3709,-3714,3708,-3713,3706,-3713,3707,-3712,3706,-3716,3707,-3721,3708,-3720,3708,3722,3707,-3721,3707,-3719,3708,-3718,3707,-3718,3707,3718,3708,-3718,3708,-3721,3708,-3714,-0.31,101.31,12.96,17492,43,182,37.5,37,38.25,38.25,59,95.26,-372,96,1663176179.936,0,2,0,0,0,0,0,0,0,4,356.34,356.34,12047F,1,1,1,80,87,40,40,0,0,0,-0.67,7618,3
09/14/2022 10:28:02,3750,70,422,567726,1680386,357.79,18.035,3739,3718,3727,21,0,102.9,39.4,107.9,42.1,none,none,112.5,44.7,3721,-3731,3721,3731,3720,-3730,3720,-3728,3720,-3729,3721,-3729,3724,3736,3724,-3739,3727,-3737,3721,-3734,3724,-3733,3720,-3730,3722,-3735,3718,-3733,3723,-3731,3721,3728,3721,-3729,3721,-3728,3720,-3728,3719,-3730,3721,3730,3722,-3732,3724,-3733,3725,-3729,3725,-3732,3726,-3734,3726,3734,3727,-3732,3726,-3735,3729,-3733,3726,-3732,3724,-3733,3724,-3732,3719,-3728,3722,-3729,3721,3727,3722,-3731,3721,-3736,3723,-3737,3723,-3737,3724,3738,3722,-3734,3723,-3733,3722,-3735,3722,-3731,3722,-3733,3723,-3734,3723,-3729,-0.34,101.31,12.96,17497,43,182,38.25,37.5,38.5,38.75,66.2,95.26,-1462,98,1663176482.367,4200,2,0,0,0,0,0,0,0,4,357.79,357.79,12047F,1,1,1,80,86,40,40,0,0,0,0.16,7624,3
09/14/2022 10:33:06,1292,63,409,550439,1680386,354.06,36.895,3697,3678,3687,19,0,102.4,39.1,107.4,41.9,none,none,112.2,44.6,3686,-3691,3683,-3693,3683,-3689,3681,-3688,3682,-3689,3683,3688,3684,-3694,3685,-3695,3686,-3695,3684,-3693,3685,3691,3681,-3690,3684,-3692,3680,-3691,3682,-3687,3684,-3688,3683,3689,3683,-3688,3682,-3688,3678,-3690,3684,-3690,3685,-3694,3687,-3694,3685,-3689,3688,-3694,3689,3695,3689,-3693,3689,-3692,3685,-3694,3689,-3693,3689,3693,3687,-3694,3685,-3689,3682,-3688,3683,-3686,3683,-3688,3683,-3689,3685,-3695,3685,-3694,3686,3697,3685,-3695,3683,-3693,3686,-3693,3684,-3693,3682,3692,3685,-3694,3685,-3695,3684,-3688,-0.33,101.32,12.96,17502,43,182,38.25,37.5,38.5,38.75,69.8,95.26,-1490,100,1663176786.19,7880,2,0,0,0,0,0,0,0,4,354.06,354.06,28077F,1,1,1,80,87,40,40,0,0,0,1.05,6853,3
09/14/2022 10:38:06,997,0,412,555165,1680386,356.85,1.067,3728,3709,3717,19,0,102.2,39,106.9,41.6,none,none,111.7,44.3,3710,-3720,3712,-3722,3710,-3720,3710,-3719,3710,3719,3712,-3719,3714,-3726,3714,-3728,3716,-3727,3712,-3724,3713,-3723,3710,-3720,3713,-3724,3709,3724,3712,-3721,3711,-3719,3713,-3719,3711,-3718,3711,3718,3709,-3720,3710,-3720,3713,-3722,3714,-3722,3713,-3718,3716,-3722,3717,-3724,3717,-3723,3717,3722,3714,-3724,3719,-3722,3717,-3723,3714,-3723,3714,3722,3710,-3718,3712,-3718,3712,-3717,3712,-3720,3710,-3726,3712,-3725,3713,-3727,3714,-3728,3711,3725,3714,-3723,3712,-3724,3712,-3722,3713,-3723,3713,3724,3712,-3718,-0.31,101.34,12.96,17504,43,182,38.5,38.25,39,39.25,68.9,95.26,-2014,100,1663177086.338,0,2,0,0,0,0,0,0,0,4,356.85,356.85,31037F,1,1,1,80,87,40,40,0,0,0,0,0,3
09/14/2022 10:43:07,997,0,411,553997,1680386,356.63,1.22,3725,3707,3715,18,0,102,38.9,106.9,41.6,none,none,111.5,44.1,3710,3717,3710,-3717,3710,-3716,3709,-3715,3709,-3716,3710,-3716,3713,-3724,3712,-3723,3714,-3725,3711,3720,3713,-3719,3709,-3717,3711,-3721,3708,-3719,3711,3719,3709,-3716,3710,-3715,3710,-3715,3710,-3716,3707,-3716,3708,-3717,3711,-3719,3713,-3720,3713,3717,3715,-3721,3714,-3722,3714,-3720,3715,-3718,3712,-3720,3717,3721,3714,-3720,3712,-3720,3712,-3718,3709,-3715,3710,3714,3711,-3714,3711,-3717,3710,-3723,3712,-3723,3712,-3724,3713,-3723,3710,-3721,3712,-3719,3711,3721,3709,-3718,3711,-3719,3711,-3722,3711,-3716,-0.34,101.35,12.96,17504,43,182,38.25,38.25,38.5,38.25,69.8,95.26,-2017,100,1663177387.753,0,2,0,0,0,0,0,0,0,4,356.63,356.63,31037F,1,1,1,80,79,40,40,0,0,0,0,0,3
09/14/2022 10:48:09,997,0,404,544498,1680386,351.93,78.979,3676,3653,3666,23,0,101.8,38.8,106.9,41.6,none,none,111.5,44.1,3666,-3670,3663,-3671,3661,-3667,3658,-3667,3657,-3667,3660,3667,3661,-3673,3660,-3673,3662,-3673,3664,-3672,3663,-3672,3661,-3668,3661,-3673,3657,-3670,3660,-3666,3665,-3667,3660,3668,3661,-3668,3658,-3665,3653,-3669,3659,-3669,3663,-3672,3664,-3672,3661,-3667,3667,-3672,3666,3675,3668,-3673,3667,-3672,3664,-3675,3667,-3671,3666,3673,3664,-3671,3662,-3668,3658,-3666,3659,-3666,3662,-3664,3659,-3669,3662,-3676,3662,-3673,3664,3675,3661,-3675,3663,-3673,3661,-3673,3661,-3672,3659,3672,3661,-3673,3663,-3674,3661,-3667,-0.14,101.36,13.04,17505,43,182,37.5,37.5,38.5,38.25,70.7,95.26,-2058,100,1663177689.101,15000,2,1,0,7,0,0,0,0,4,351.93,351.93,31037F,1,1,1,80,88,40,40,0,0,0,3.8,3598,3
09/14/2022 10:53:11,997,0,385,518865,1680386,348.82,89.524,3642,3622,3633,20,0,102.2,39,107.2,41.8,none,none,110.9,43.9,3635,-3638,3632,3638,3630,-3635,3626,-3631,3626,-3635,3629,-3633,3629,3638,3625,-3639,3629,-3637,3631,-3638,3630,-3638,3627,-3635,3629,3637,3625,-3635,3626,-3632,3629,-3633,3629,-3635,3629,-3634,3627,-3633,3622,-3635,3629,-3636,3634,3639,3633,-3640,3632,-3634,3634,-3640,3635,-3641,3636,3641,3635,-3638,3631,-3639,3636,-3640,3635,-3639,3633,-3638,3631,-3635,3623,-3634,3628,-3632,3629,3633,3627,-3634,3630,-3642,3630,-3638,3629,-3640,3630,3640,3628,-3639,3631,-3639,3631,-3637,3627,-3640,3631,-3640,3632,-3640,3630,-3634,-0.33,101.36,12.96,17510,43,182,38.25,37.5,38.5,38.75,71.6,95.26,-2118,100,1663177991.604,16840,2,1,0,6,0,0,0,0,4,348.82,348.82,31037F,1,1,1,80,90,40,40,0,0,0,3.19,5562,3
09/14/2022 10:58:14,997,0,365,491313,1680386,350.95,-4.455,3662,3646,3655,16,0,102.2,39,106.9,41.6,none,none,110.4,43.6,3651,-3658,3653,-3660,3651,3657,3649,-3654,3649,-3657,3650,-3655,3653,-3662,3651,-3662,3653,-3661,3653,-3660,3653,-3661,3649,3657,3652,-3661,3648,-3658,3649,-3655,3650,-3656,3651,3657,3652,-3658,3650,-3655,3646,-3656,3651,-3657,3654,-3662,3654,-3661,3653,-3657,3656,-3660,3656,3662,3657,-3662,3657,-3661,3655,-3661,3657,-3660,3656,-3661,3654,3660,3652,-3658,3649,-3656,3650,-3656,3652,-3655,3651,3658,3652,-3662,3652,-3661,3652,-3662,3651,-3662,3650,-3660,3653,-3660,3652,-3660,3649,-3660,3653,3662,3654,-3660,3653,-3657,-0.34,101.36,12.96,17514,43,182,38.25,37.5,38.5,38.75,69.8,95.26,-2142,100,1663178294.325,0,2,1,0,6,0,0,0,0,4,350.95,350.95,31037F,1,1,1,80,88,40,40,0,0,0,-0.27,6977,3
09/14/2022 11:03:15,925,64,356,479952,1680386,349.59,40.801,3651,3633,3642,18,0,101.5,38.6,106.2,41.2,none,none,109.9,43.3,3640,-3646,3638,-3647,3638,-3644,3635,-3641,3634,-3643,3637,-3643,3638,-3649,3636,3650,3639,-3648,3638,-3647,3638,-3647,3635,-3645,3637,3648,3633,-3646,3635,-3642,3637,-3644,3638,-3644,3637,-3644,3636,3642,3633,-3645,3637,-3646,3641,-3650,3641,-3650,3639,-3643,3642,-3648,3643,-3649,3643,-3649,3642,3646,3640,-3648,3642,-3647,3641,-3648,3640,-3648,3638,3645,3635,-3644,3637,-3643,3636,-3642,3636,-3645,3636,-3651,3638,-3648,3636,-3650,3636,-3650,3635,3648,3638,-3650,3638,-3648,3635,-3647,3639,-3649,3638,3649,3637,-3642,-0.3,101.36,12.96,17520,43,182,38.5,38.25,39,38.75,71.6,95.26,-2158,100,1663178595.834,8200,2,1,0,6,0,0,0,0,4,349.59,349.59,47047F,1,1,1,80,86,40,40,0,0,0,0.89,6978,3
09/14/2022 11:08:16,918,64,342,460203,1680386,347.21,62.377,3625,3604,3616,21,0,101.3,38.5,105.8,41,none,none,109.4,43,3617,3621,3613,-3623,3612,-3620,3608,-3616,3608,-3618,3611,-3618,3612,-3620,3608,-3623,3610,-3621,3614,3623,3612,-3621,3609,-3619,3611,-3621,3607,-3618,3608,3615,3614,-3618,3612,-3618,3613,-3619,3609,-3617,3604,-3620,3611,-3620,3615,-3624,3615,-3623,3613,3617,3617,-3622,3618,-3624,3619,-3625,3617,-3622,3615,-3623,3616,3622,3616,-3623,3615,-3623,3613,-3618,3607,-3617,3610,3616,3612,-3616,3610,-3619,3611,-3624,3611,-3622,3610,-3624,3610,-3623,3609,-3622,3612,-3624,3612,3622,3609,-3623,3613,-3624,3613,-3623,3611,-3617,-0.34,101.36,12.96,17525,43,182,38.5,38.25,39,39.25,73.4,95.26,-2160,100,1663178896.724,11480,2,1,0,6,0,0,0,0,4,347.21,347.21,54057F,1,1,1,80,87,40,40,0,0,0,1.67,6920,3
09/14/2022 11:13:18,918,64,328,441130,1680386,345.22,78.277,3604,3579,3594,25,0,101.1,38.4,106,41.1,none,none,109.1,42.9,-3596,3602,3592,-3602,-3592,3600,-3587,3592,-3587,3597,-3589,3596,-3591,3600,-3583,3601,-3589,3601,-3590,3602,3591,3601,-3589,3597,3590,-3601,3583,-3597,3586,-3596,3587,-3597,3592,3598,3591,-3597,3587,-3595,3583,-3596,3590,-3600,3595,-3603,3595,-3602,3592,-3596,3597,-3602,3597,3604,3598,-3604,3595,-3601,3594,-3599,3597,-3601,3596,3602,3593,-3601,3590,-3600,3579,-3595,3588,-3596,3588,-3596,3588,-3597,3589,-3604,3590,-3603,3584,3601,3589,-3603,3584,-3602,3591,-3603,3591,-3601,3587,3601,3593,-3603,3592,-3603,3590,-3598,-0.36,101.36,12.96,17530,43,182,38.5,38.25,39,39.25,74.3,95.26,-2200,100,1663179198.172,15400,2,1,0,6,0,0,0,0,4,345.22,345.22,54057F,1,1,1,80,88,40,40,0,0,0,1.75,7610,3
09/14/2022 11:18:19,918,64,321,432585,1680386,349.3,0,3642,3634,3638,8,3632,101.1,38.4,105.8,41,none,none,108.9,42.7,3638,3639,3639,3638,3639,3638,3636,3637,3637,3637,3637,3636,3641,3640,3639,3642,3640,3642,3640,3640,3639,3639,3637,3638,3639,3639,3637,3638,3637,3637,3637,3639,3638,3638,3638,3638,3637,3636,3634,3637,3638,3639,3640,3639,3641,3640,3639,3638,3641,3640,3642,3642,3641,3641,3640,3640,3640,3641,3641,3641,3641,3641,3640,3640,3640,3639,3637,3636,3639,3637,3638,3637,3637,3637,3640,3639,3640,3639,3639,3640,3641,3640,3639,3639,3640,3638,3639,3638,3638,3638,3639,3639,3640,3639,3639,3638,na,101.35,12.5,17533,43,182,39.5,38.5,39.5,39.75,75.2,95.26,-2433,100,1663179499.978,0,0,0,0,0,0,0,0,0,1,349.31,349.31,540577,0,0,1,0,88,40,40,0,0,0,0,0,3
09/14/2022 11:22:15,495,0,321,432585,1680386,350,-0.006,3653,3639,3646,14,3635,100.6,38.1,105.6,40.9,none,none,108.4,42.4,3647,3641,3650,-3642,-3649,3641,-3648,-3640,-3647,3641,-3648,3641,-3651,3644,-3651,3644,-3652,3645,-3649,3643,-3650,3643,-3649,3642,-3650,3641,-3649,3640,-3649,3644,-3648,3642,-3649,3642,-3648,3643,-3648,3640,-3647,3640,-3647,3641,-3651,3645,-3651,3643,-3650,3642,-3650,3645,-3652,3646,3651,3647,-3650,3645,3650,-3647,3650,3646,3651,-3645,3650,-3644,3649,-3643,3647,-3642,3646,3642,3648,-3642,3647,-3639,3652,-3641,3653,-3641,3653,-3641,3653,-3642,3651,-3642,3651,-3641,3651,3641,3650,-3641,3651,-3642,3651,-3642,3651,-3641,na,101.35,12.08,17533,43,182,39.5,38.5,39.5,39.75,76.1,95.26,-2433,100,1663179735.595,0,0,0,0,0,0,0,0,0,1,350,350,08047F,1,1,1,80,80,40,40,0,0,0,0,0,0
09/14/2022 11:27:16,495,0,310,417180,1680386,344.87,58.189,3600,3581,3592,19,0,100.6,38.1,105.8,41,none,none,108.4,42.4,3593,-3597,3591,-3598,3590,-3596,3586,-3591,3586,-3594,3588,3593,3589,-3596,3584,-3597,3588,-3596,3589,-3597,3589,3596,3587,-3594,3588,-3597,3583,-3593,3585,-3590,3589,-3594,3591,-3595,3590,-3595,3586,-3592,3581,3594,3588,-3596,3592,-3599,3593,-3599,3590,-3593,3593,3599,3595,-3599,3595,-3600,3593,-3597,3591,-3597,3593,-3598,3593,-3599,3591,-3598,3588,-3595,3583,3593,3588,-3591,3589,-3592,3587,-3594,3588,-3599,3588,-3598,3585,3597,3586,-3597,3586,-3597,3589,-3597,3589,-3596,3585,3598,3589,-3599,3591,-3599,3588,-3593,5.57,101.36,14.4,17535,43,182,37.5,37.5,38.5,38.25,76.1,95.26,-13,100,1663180036.383,11440,2,1,0,6,0,0,0,0,4,344.87,344.87,0C047F,1,1,1,80,87,40,40,0,0,0,1.48,7065,0
09/14/2022 11:32:16,495,0,288,388476,1680386,343.36,47.293,3585,3565,3576,20,0,101.1,38.4,106,41.1,none,none,108.4,42.4,-3577,3581,-3574,3583,-3573,3579,-3568,3577,-3569,3578,-3571,3578,-3572,3580,-3567,3582,-3570,3581,-3574,3581,-3572,3581,-3571,3578,-3571,3581,-3568,3579,-3567,3575,-3573,3579,-3573,3580,-3574,3580,-3570,3577,-3565,3580,3572,3580,-3576,3584,3576,-3583,3572,-3577,3577,-3582,3578,-3584,3579,3585,3578,-3582,3575,-3583,3576,-3582,3576,-3584,3576,-3581,3572,-3578,3567,-3577,-3570,-3576,3574,3577,-3571,3578,-3572,3585,-3570,3583,-3570,3581,-3569,3582,-3570,3582,-3572,3583,-3571,3581,-3569,3584,-3574,3584,-3574,3582,-3571,3578,-0.43,101.36,12.96,17540,43,182,38.5,38.25,39,39.25,75.2,95.26,0,100,1663180336.576,9720,2,1,0,7,0,0,0,0,4,343.36,343.36,0C047F,1,1,1,80,90,40,40,0,0,0,1.22,7072,0
09/14/2022 11:37:20,495,0,268,360779,1680386,342.68,29.807,3579,3558,3570,21,0,101.3,38.5,106.2,41.2,none,none,108.4,42.4,-3570,3576,-3568,3577,-3568,3573,-3564,3570,3563,-3572,3565,3571,3566,-3574,3564,-3575,3564,-3574,3567,-3574,3566,-3576,3564,3573,3565,-3575,3562,-3571,3561,-3567,3566,-3572,3567,3573,3567,-3573,3564,-3571,3558,-3574,3566,-3575,3571,-3578,3569,-3578,3566,-3571,-3571,3577,3572,3577,-3573,3577,-3571,3575,-3568,3576,-3570,3576,-3570,3578,-3570,3576,-3566,3573,-3563,3571,-3564,3570,-3567,3571,-3564,3573,-3565,3579,-3565,3575,-3563,3575,-3563,3576,-3561,3575,-3564,3577,-3565,3575,-3563,3577,-3567,3578,-3567,3576,-3565,3572,-0.39,101.36,12.96,17545,43,182,38.5,38.25,39,39.25,74.3,95.26,0,100,1663180640.743,5880,2,1,0,7,0,0,0,0,4,342.68,342.68,0C047F,1,1,1,80,90,40,40,0,0,0,0.7,7070,0
09/14/2022 11:42:23,495,0,251,338508,1680386,341.69,38.108,3567,3550,3559,17,0,101.1,38.4,105.8,41,none,none,108.1,42.3,-3564,3555,-3565,3558,-3564,3555,-3559,3552,-3558,3553,-3560,3552,-3562,3554,-3562,3555,-3562,3554,-3565,3557,-3563,3555,-3562,3555,-3563,3554,-3560,3550,-3558,3550,-3562,3556,-3562,3555,-3562,3557,-3559,3552,-3556,3557,-3563,3557,-3567,3559,-3566,3559,-3564,3555,-3565,3560,-3566,3561,-3567,3561,-3565,3560,-3564,3560,-3565,3561,-3566,3560,-3566,3558,-3562,3555,-3556,3554,-3560,3553,-3561,3554,-3560,3553,-3566,3554,-3566,3551,-3564,3553,-3564,3553,-3563,3555,-3563,3556,-3565,3553,-3561,3556,-3565,3557,-3567,3556,-3563,3553,-0.26,101.36,12.96,17551,43,182,39,38.25,39.5,39.25,75.2,95.26,0,100,1663180943.136,6560,2,1,0,7,0,0,0,0,4,341.69,341.69,0C047F,1,1,1,80,89,40,40,0,0,0,0.97,6891,0
09/14/2022 11:47:23,495,0,232,312677,1680386,339.42,64.902,3545,3525,3535,20,0,101.3,38.5,106,41.1,none,none,108.4,42.4,-3543,3534,-3543,3534,-3540,3531,-3535,3528,-3533,3529,-3537,3529,-3539,3530,-3537,3531,-3537,3530,-3543,3532,-3540,3533,-3538,3531,-3539,3530,-3535,3526,-3532,3525,-3540,3532,-3539,3532,-3538,3533,-3535,3528,-3530,3532,-3539,3533,-3545,3537,-3543,3536,-3541,3531,-3541,3536,-3542,3539,-3544,3538,-3542,3537,-3541,3537,-3541,3536,-3542,3537,-3542,3535,-3539,3532,-3530,3530,-3536,3529,-3538,3530,-3536,3528,-3544,3531,-3542,3528,-3540,3528,-3540,3529,-3541,3531,-3540,3532,-3541,3529,-3538,3533,-3542,3535,-3543,3531,-3540,3530,-0.21,101.36,12.96,17556,43,182,39,38.25,39.5,39.75,75.2,95.26,0,100,1663181243.911,12600,2,1,0,7,0,0,0,0,4,339.42,339.42,0C047F,1,1,1,80,89,40,40,0,0,0,1.59,6903,0
09/14/2022 11:52:27,495,0,212,285264,1680386,337.65,88.634,3527,3506,3516,21,0,101.5,38.6,106.2,41.2,none,none,108.6,42.6,-3525,3514,-3524,3516,-3523,3513,-3517,3507,-3515,3510,-3518,3510,-3520,3511,-3516,3511,-3518,3510,-3524,3514,-3521,3514,-3518,3511,-3520,3511,-3517,3508,-3514,3506,-3521,3513,-3520,3513,-3520,3515,-3516,3509,-3511,3511,-3520,3513,-3527,3518,-3526,3517,-3522,3512,-3522,3519,-3524,3519,-3525,3521,-3523,3518,-3522,3517,-3523,3519,-3523,3519,-3523,3516,-3521,3513,-3510,3510,-3516,3509,-3519,3511,-3514,3508,-3524,3512,-3524,3510,-3520,3509,-3521,3510,-3522,3513,-3521,3514,-3522,3511,-3519,3514,-3526,3515,-3525,3513,-3521,3512,-0.23,101.36,12.96,17561,43,182,39,38.25,39.5,39.75,76.1,95.26,0,100,1663181547.537,17080,2,1,0,7,0,0,0,0,4,337.65,337.65,0C047F,1,1,1,80,90,40,40,0,0,0,2.39,6832,0
09/14/2022 11:57:28,495,0,192,258856,1680386,339.37,3.104,3545,3527,3535,18,0,102,38.9,107.2,41.8,none,none,109.4,43,-3538,3531,-3542,3532,-3541,3530,-3537,3527,-3535,3528,-3538,3529,-3542,3532,-3540,3531,-3540,3530,-3543,3532,-3541,3533,-3539,3530,-3541,3531,-3539,3527,-3534,3527,-3538,3531,-3538,3530,-3538,3532,-3536,3528,-3533,3530,-3538,3529,-3543,3535,-3544,3534,-3542,3532,-3539,3534,-3542,3535,-3543,3536,-3542,3536,-3542,3535,-3540,3536,-3542,3537,-3543,3534,-3541,3532,-3535,3530,-3537,3529,-3538,3530,-3536,3529,-3545,3531,-3544,3528,-3543,3528,-3543,3530,-3542,3530,-3542,3531,-3543,3529,-3542,3531,-3543,3532,-3543,3531,-3541,3530,-0.22,101.36,12.96,17566,43,182,39,38.25,39.5,39.75,74.3,95.26,0,100,1663181848.795,0,2,1,0,6,0,0,0,0,4,339.37,339.37,0C047F,1,1,1,80,90,40,40,0,0,0,0.03,7073,0
09/14/2022 12:02:29,495,0,173,233786,1680386,335.95,47.172,3509,3487,3499,22,0,102.7,39.2,107.4,41.9,none,none,109.9,43.3,-3505,3495,-3507,3497,-3506,3493,-3498,3489,-3498,3491,-3500,3491,-3504,3494,-3501,3493,-3501,3493,-3507,3496,-3506,3497,-3502,3493,-3505,3495,-3500,3487,-3497,3488,-3501,3495,-3501,3493,-3501,3496,-3497,3492,-3494,3494,-3501,3492,-3508,3501,-3509,3499,-3506,3496,-3505,3499,-3506,3500,-3507,3502,-3506,3501,-3505,3499,-3505,3502,-3506,3501,-3507,3498,-3504,3497,-3494,3493,-3501,3492,-3501,3493,-3498,3491,-3508,3494,-3508,3491,-3506,3492,-3507,3493,-3505,3494,-3506,3497,-3507,3494,-3505,3495,-3507,3497,-3509,3495,-3506,3495,-0.25,101.36,12.96,17571,43,182,39,38.25,39.5,39.25,75.2,95.26,0,100,1663182149.981,10160,2,1,0,7,0,0,0,0,4,335.95,335.95,0C047F,1,1,1,80,89,40,40,0,0,0,1.11,7022,0
09/14/2022 12:07:31,495,0,154,207615,1680386,339.25,-118.903,3541,3525,3533,16,0,103.1,39.5,108.1,42.3,none,none,110.7,43.7,-3525,3528,-3538,3529,-3537,3529,-3535,3525,-3533,3527,-3535,3527,-3540,3533,-3537,3531,-3538,3533,-3536,3530,-3538,3534,-3534,3529,-3538,3531,-3534,3526,-3534,3529,-3526,3528,-3533,3526,-3534,3529,-3532,3527,-3532,3525,-3532,3527,-3539,3532,-3540,3533,-3539,3533,-3535,3531,-3536,3532,-3538,3535,-3538,3535,-3541,3533,-3538,3534,-3537,3534,-3539,3533,-3539,3535,-3534,3529,-3535,3530,-3533,3527,-3532,3528,-3537,3529,-3541,3530,-3540,3529,-3541,3533,-3539,3531,-3539,3531,-3540,3529,-3540,3528,-3538,3529,-3540,3529,-3538,3531,-0.24,101.36,12.96,17576,43,182,39,38.25,39.5,39.25,75.2,95.26,-26,100,1663182451.855,0,2,2,0,8,0,0,0,0,4,339.25,339.25,0C047F,1,1,1,80,91,40,40,0,0,0,-3.5,5673,0
09/14/2022 12:12:33,495,0,155,209001,1680386,338,0,3532,3512,3522,20,3507,103.3,39.6,108.4,42.4,none,none,110.9,43.9,3517,-3522,3519,-3526,3518,-3523,3515,3520,3512,-3520,3516,-3521,3521,-3530,3516,-3527,3517,3527,3522,-3528,3520,-3529,3516,-3521,3519,-3529,3514,-3522,3513,-3522,3516,-3520,3515,-3518,3516,3523,3513,-3522,3512,-3521,3512,-3518,3522,-3528,3522,3529,3521,-3527,3523,-3525,3520,-3526,3523,-3527,3523,-3529,3525,3529,3522,-3526,3522,-3529,3523,-3529,3523,-3528,3513,-3523,3519,-3524,3517,-3520,3514,-3525,3520,3530,3520,-3528,3520,-3531,3521,-3532,3519,-3527,3519,3529,3520,-3528,3520,-3526,3519,-3527,3521,-3526,3520,-3526,na,101.36,12.6,17577,43,182,39.5,38.5,39.5,39.75,76.1,95.26,-206,100,1663182753.045,0,0,0,0,0,0,0,0,0,1,338.14,338,0C0477,0,0,1,0,89,40,40,0,0,0,0,0,0
09/14/2022 12:17:36,242,0,163,220498,1680386,343.71,-59.165,3589,3569,3580,20,3566,103.3,39.6,108.1,42.3,none,none,111.2,44,3573,3577,3580,3579,3579,3577,3578,3576,3574,3574,3577,3578,3585,3589,3581,3583,3580,3585,3583,3582,3582,3586,3578,3577,3583,3587,3579,3579,3578,3581,3575,3576,3574,3573,3576,3579,3574,3578,3576,3576,3572,3569,3580,3581,3582,3583,3584,3584,3580,3579,3578,3579,3581,3581,3583,3585,3588,3584,3583,3582,3581,3582,3583,3583,3584,3588,3579,3580,3581,3582,3577,3575,3576,3583,3582,3582,3584,3584,3586,3586,3587,3589,3583,3583,3583,3583,3584,3584,3586,3579,3581,3580,3581,3582,3582,3583,0.25,101.36,12.96,17577,44,182,39.5,38.5,39.5,39.75,77.9,95.26,-585,100,1663183056.183,0,1,0,0,0,0,0,3,0,1,343.71,343.71,1B037F,1,1,1,82,78,40,40,0,0,0,0,0,3
09/14/2022 12:21:13,206,0,179,241602,1680386,346.51,-59.226,3618,3601,3609,17,3595,103.6,39.8,108.4,42.4,none,none,111.2,44,3602,3605,3608,3607,3608,3607,3609,3606,3604,3606,3606,3607,3613,3617,3612,3612,3612,3614,3609,3611,3611,3613,3606,3607,3612,3615,3609,3611,3609,3613,3604,3606,3604,3604,3607,3607,3606,3607,3608,3605,3602,3601,3607,3608,3609,3611,3612,3614,3607,3607,3607,3606,3609,3610,3610,3612,3615,3612,3611,3610,3610,3610,3611,3612,3613,3616,3610,3609,3611,3612,3607,3606,3606,3612,3610,3611,3611,3613,3616,3614,3616,3618,3612,3611,3612,3611,3613,3613,3614,3609,3609,3608,3609,3609,3611,3611,na,101.36,12.96,17577,44,182,39.5,38.5,39.5,39.75,79.7,95.26,0,100,1663183273.285,0,1,0,0,0,0,0,3,0,1,346.51,346.51,07077F,1,1,1,82,77,40,40,0,0,0,0,0,3
09/14/2022 12:26:14,213,0,201,271366,1680386,349.07,-59.531,3643,3628,3636,15,3625,103.8,39.9,108.9,42.7,none,none,111.2,44,3628,3632,3633,3634,3634,3635,3636,3634,3634,3634,3634,3635,3639,3642,3639,3639,3639,3643,3636,3637,3638,3640,3634,3635,3638,3640,3636,3638,3637,3640,3633,3634,3632,3632,3634,3634,3634,3635,3637,3633,3630,3629,3633,3635,3636,3636,3638,3639,3634,3634,3634,3634,3634,3635,3636,3637,3640,3639,3637,3635,3637,3636,3638,3638,3639,3640,3638,3637,3638,3638,3634,3634,3635,3637,3636,3637,3638,3640,3641,3639,3642,3643,3638,3638,3638,3637,3638,3638,3640,3634,3635,3634,3635,3635,3636,3637,-0.11,101.36,12.96,17577,44,182,39.5,38.5,39.5,39.75,82.4,95.26,-1801,98,1663183574.266,0,1,0,0,0,0,0,3,0,1,349.07,349.07,0B047F,1,1,1,82,77,40,40,0,0,0,0,0,3
09/14/2022 12:31:18,242,0,223,301110,1680386,350.72,-59.348,3658,3646,3653,12,3645,103.8,39.9,108.9,42.7,none,none,110.9,43.9,3646,3649,3651,3650,3651,3652,3652,3652,3652,3652,3652,3652,3655,3658,3658,3657,3657,3658,3653,3654,3655,3656,3652,3653,3655,3656,3654,3656,3656,3658,3649,3651,3651,3650,3652,3652,3652,3652,3654,3651,3650,3649,3650,3651,3652,3652,3655,3655,3652,3652,3652,3652,3652,3653,3654,3655,3657,3654,3654,3653,3653,3652,3653,3655,3655,3657,3655,3652,3655,3656,3652,3652,3653,3655,3653,3655,3655,3656,3657,3657,3658,3658,3654,3655,3655,3653,3654,3655,3656,3652,3652,3652,3652,3653,3653,3652,-0.17,101.36,12.96,17577,44,182,39.5,38.5,39.5,39.75,83.3,95.26,-3600,97,1663183878.685,0,1,0,0,0,0,0,3,0,1,350.72,350.72,1E047F,1,1,1,82,77,40,40,0,0,0,0,0,3
09/14/2022 12:36:21,206,0,245,330747,1680386,351.89,-59.501,3671,3659,3665,12,3656,104,40,108.9,42.7,none,none,110.9,43.9,3659,3662,3663,3664,3663,3664,3665,3664,3664,3665,3664,3664,3668,3670,3669,3669,3669,3671,3665,3667,3667,3667,3664,3665,3667,3669,3667,3667,3667,3670,3662,3663,3663,3663,3664,3664,3665,3665,3666,3663,3663,3662,3662,3663,3664,3665,3666,3667,3664,3664,3666,3665,3664,3665,3667,3666,3668,3667,3666,3664,3666,3666,3665,3665,3667,3669,3667,3665,3667,3667,3665,3664,3665,3666,3665,3667,3667,3668,3670,3669,3670,3670,3666,3667,3667,3665,3667,3667,3669,3663,3665,3664,3665,3664,3665,3665,-0.19,101.36,12.96,17577,44,182,39.5,38.5,39.5,39.75,85.1,95.26,-5393,95,1663184181.537,0,1,0,0,0,0,0,3,0,1,351.89,351.89,2F047F,1,1,1,82,77,40,40,0,0,0,0,0,3
09/14/2022 12:41:24,206,0,267,360412,1680386,353.05,-59.409,3683,3670,3677,13,3668,104,40,109.1,42.9,none,none,110.9,43.9,3670,3674,3674,3674,3674,3676,3676,3676,3677,3677,3676,3676,3681,3683,3682,3682,3682,3683,3677,3678,3679,3680,3676,3677,3679,3682,3678,3680,3680,3682,3674,3675,3675,3675,3676,3675,3675,3676,3679,3675,3674,3674,3675,3675,3677,3677,3679,3679,3675,3676,3677,3677,3676,3677,3678,3678,3680,3679,3678,3677,3678,3677,3678,3679,3680,3681,3681,3677,3679,3680,3677,3676,3677,3678,3677,3679,3679,3681,3681,3682,3682,3683,3679,3678,3678,3677,3678,3680,3681,3675,3675,3675,3676,3677,3677,3677,-0.19,101.36,12.96,17577,44,182,39.5,38.5,39.5,39.75,86,95.26,-7187,93,1663184484.319,0,1,0,0,0,0,0,3,0,1,353.05,353.05,2F047F,1,1,1,82,77,40,40,0,0,0,0,0,3
09/14/2022 12:46:25,229,0,289,389888,1680386,354.31,-59.409,3697,3682,3690,15,3679,104.2,40.1,109.4,43,none,none,111.5,44.1,3682,3687,3688,3688,3688,3689,3690,3690,3689,3691,3690,3689,3693,3696,3694,3695,3695,3697,3688,3692,3692,3693,3689,3690,3692,3694,3692,3694,3694,3697,3688,3689,3688,3688,3688,3689,3690,3690,3692,3690,3687,3687,3687,3687,3690,3690,3691,3693,3689,3689,3689,3689,3688,3689,3690,3691,3694,3692,3692,3690,3690,3691,3690,3692,3693,3695,3693,3691,3691,3694,3689,3689,3691,3692,3690,3692,3693,3695,3695,3694,3695,3696,3691,3692,3691,3690,3691,3693,3694,3689,3688,3688,3688,3690,3691,3691,-0.2,101.36,12.96,17577,44,182,39.5,38.5,39.5,39.75,86.9,95.26,-8970,92,1663184785.01,0,1,0,0,0,0,0,3,0,1,354.31,354.31,38057F,1,1,1,82,77,40,40,0,0,0,0,0,3
09/14/2022 12:51:25,249,0,311,419363,1680386,355.68,-58.738,3711,3697,3705,14,3696,104.4,40.2,109.9,43.3,none,none,111.7,44.3,3697,3701,3702,3702,3702,3704,3703,3704,3704,3703,3704,3704,3708,3711,3709,3709,3710,3711,3703,3705,3707,3706,3702,3705,3707,3709,3706,3708,3708,3711,3701,3702,3702,3703,3702,3703,3703,3704,3707,3703,3701,3701,3700,3702,3703,3704,3707,3706,3702,3703,3703,3703,3702,3704,3704,3705,3707,3707,3706,3705,3705,3705,3705,3706,3707,3709,3708,3704,3706,3707,3703,3703,3704,3705,3703,3706,3707,3709,3710,3709,3709,3711,3707,3706,3707,3706,3705,3708,3709,3703,3704,3702,3703,3704,3704,3705,-0.21,101.36,12.96,17577,44,182,39.5,38.5,39.5,39.75,87.8,95.26,-10753,90,1663185085.792,0,1,0,0,0,0,0,3,0,1,355.68,355.68,620477,0,1,1,2,76,40,40,0,0,0,0,0,3
09/14/2022 12:56:29,213,0,332,447251,1680386,356.81,-55.472,3724,3709,3716,15,3704,104.7,40.4,110.2,43.4,none,none,112.2,44.6,3709,3713,3714,3714,3714,3715,3716,3715,3716,3714,3716,3715,3719,3724,3721,3723,3721,3723,3716,3718,3719,3719,3716,3716,3718,3720,3719,3721,3720,3724,3714,3715,3714,3714,3714,3713,3716,3716,3719,3713,3713,3712,3713,3713,3715,3717,3718,3718,3715,3714,3715,3715,3714,3716,3717,3716,3719,3719,3718,3717,3717,3716,3715,3717,3718,3720,3719,3717,3717,3718,3715,3715,3717,3717,3716,3719,3719,3721,3721,3720,3721,3724,3719,3718,3718,3716,3717,3719,3719,3715,3715,3713,3716,3717,3717,3716,0.09,101.36,13.04,17577,44,182,39.5,38.5,39.5,39.75,87.8,95.26,-12215,89,1663185389.207,0,1,0,0,0,0,0,3,0,1,356.81,356.81,6C047F,1,1,1,82,76,40,40,0,0,0,0,0,3
09/14/2022 13:01:30,213,0,319,429643,1680386,348.04,62.781,3635,3618,3625,17,0,104.9,40.5,110.2,43.4,none,none,112.5,44.7,-3632,3621,3631,3622,-3630,3620,-3628,3619,-3628,3619,-3629,3619,3632,3622,-3630,3621,-3631,3623,-3631,3623,-3630,3621,-3629,3621,3630,3620,-3628,3620,-3630,3621,-3629,3622,-3628,3621,-3629,3621,-3629,3619,-3626,3621,-3629,3623,3632,3624,-3632,3624,-3632,3621,-3629,3624,-3632,3627,3631,3627,-3631,3624,-3629,3625,-3630,3625,-3631,3624,-3631,3623,-3630,3622,-3624,3621,-3628,3620,3628,3621,-3628,3618,-3634,3620,-3634,3621,-3632,3620,3635,3620,-3632,3622,-3631,3620,-3631,3620,-3630,3621,-3632,3621,-3632,3621,-3632,3619,0.07,101.36,13.04,17580,44,182,38.25,37,37.5,38.5,79.7,95.26,-20,90,1663185690.969,11400,3,2,0,11,0,0,0,0,4,348.04,348.04,6C047F,1,1,1,80,85,40,40,0,0,0,1.98,5879,3
09/14/2022 13:06:33,429,49,298,400867,1680386,349.17,3.821,3646,3630,3637,16,0,105.1,40.6,110.4,43.6,none,none,112.2,44.6,-3639,3632,-3642,3632,3642,3632,-3640,3631,-3640,3631,-3641,3631,-3643,3634,-3643,3634,-3644,3634,-3642,3634,-3643,3633,3641,3632,-3642,3631,-3642,3633,-3641,3633,-3640,3633,-3641,3633,3641,3633,-3640,3630,-3640,3632,-3640,3633,-3642,3634,3643,3634,-3643,3633,-3640,3635,-3643,3636,-3642,3636,-3642,3635,-3641,3636,-3642,3637,-3643,3634,3643,3635,-3642,3634,-3640,3633,-3640,3632,-3641,3632,3640,3631,-3645,3631,-3646,3631,-3645,3631,-3645,3632,-3644,3632,-3643,3630,-3642,3631,-3641,3631,3643,3632,-3643,3633,-3644,3631,1.88,101.36,13.84,17585,44,182,38.5,37.5,38.5,39,77,95.26,-32,91,1663185993.437,0,3,1,0,7,0,0,0,0,4,349.17,349.17,75057F,1,1,1,80,89,40,40,0,0,0,-0.08,7065,3
09/14/2022 13:11:33,429,49,279,375539,1680386,345.04,63.941,3601,3586,3593,15,0,104.7,40.4,109.7,43.1,none,none,111.7,44.3,-3600,3590,-3598,3591,-3597,3590,-3595,3587,-3594,3588,3595,3588,-3598,3590,-3594,3590,-3598,3589,-3599,3591,3598,3589,-3597,3588,-3596,3588,-3596,3587,-3595,3588,-3598,3590,-3596,3589,-3596,3591,-3594,3586,3591,3589,-3595,3590,-3600,3593,-3600,3591,-3598,3590,3595,3592,-3599,3594,-3600,3596,-3599,3593,-3597,3594,-3598,3594,-3598,3592,-3599,3593,-3597,3590,3590,3589,-3594,3587,-3596,3590,-3595,3587,-3601,3589,3600,3589,-3599,3588,-3600,3588,-3599,3589,-3598,3589,-3599,3589,-3597,3590,-3599,3590,-3600,3589,3598,3589,-0.04,101.36,13.04,17591,44,182,39,38.25,39,39.5,77.9,95.26,-32,92,1663186293.504,12080,2,1,0,7,0,0,0,0,4,345.04,345.04,75057F,1,1,1,80,89,40,40,0,0,0,1.66,7066,3
09/14/2022 13:16:35,429,49,256,345403,1680386,342.9,63.819,3582,3563,3571,19,0,104.7,40.4,109.7,43.1,none,none,111.7,44.3,-3579,3566,-3577,3567,-3576,3564,-3572,3565,-3571,3564,-3573,3564,3577,3566,-3578,3566,-3574,3566,-3580,3568,-3576,3567,-3576,3564,-3575,3566,-3578,3563,-3572,3564,3578,3565,-3573,3565,-3574,3567,-3572,3565,-3570,3567,3573,3565,-3577,3569,-3577,3568,-3576,3566,-3576,3570,-3577,3570,-3578,3570,-3578,3570,-3576,3573,3576,3571,-3576,3570,-3578,3568,-3576,3566,-3572,3566,3573,3565,-3576,3564,-3572,3565,-3582,3565,-3580,3563,-3582,3565,-3578,3565,-3579,3565,-3576,3567,3578,3564,-3576,3567,-3577,3566,-3579,3567,-3577,3565,-0.06,101.36,13.04,17596,44,182,39,38.25,39.5,39.5,77.9,95.26,-32,93,1663186595.565,12440,3,1,0,7,0,0,0,0,4,342.9,342.9,75057F,1,1,1,80,92,40,40,0,0,0,1.52,7400,3
09/14/2022 13:21:37,429,49,231,310708,1680386,340.13,76.758,3549,3533,3541,16,0,105.1,40.6,110.4,43.6,none,none,112,44.4,-3548,3538,-3547,3540,3546,3537,-3542,3533,-3541,3535,-3543,3535,-3547,3538,-3541,3538,-3544,3538,-3547,3539,-3547,3540,3544,3537,-3546,3537,-3542,3535,-3542,3535,-3544,3536,3543,3536,-3543,3537,-3541,3535,-3539,3535,-3542,3535,-3548,3541,-3549,3541,-3548,3539,-3545,3540,3545,3541,-3548,3544,-3548,3543,-3547,3542,-3546,3542,3547,3542,-3547,3540,-3547,3541,-3536,3538,-3544,3537,-3542,3536,-3541,3535,-3548,3537,-3549,3537,3548,3537,-3548,3538,-3546,3539,-3547,3538,-3548,3537,-3546,3539,3548,3539,-3547,3538,-3547,3537,-0.09,101.36,13.04,17602,44,182,39,38.5,39.5,40,78.8,95.26,-32,94,1663186897.845,15680,3,2,0,9,0,0,0,0,4,340.13,340.13,75057F,1,1,1,80,95,40,40,0,0,0,1.66,7618,3
09/14/2022 13:26:42,429,49,207,279527,1680386,338.88,58.905,3538,3521,3529,17,0,105.6,40.9,110.9,43.9,none,none,112.5,44.7,-3536,3525,-3535,3526,-3534,3525,-3531,3521,-3530,3522,-3532,3522,3536,3526,-3532,3525,-3534,3525,-3538,3526,-3536,3526,-3533,3524,-3534,3524,-3533,3521,-3531,3523,3533,3524,-3531,3523,-3532,3526,-3530,3521,-3527,3524,3531,3524,-3536,3528,-3536,3529,-3536,3527,-3533,3528,-3534,3530,-3536,3531,-3536,3530,-3536,3530,3535,3530,-3536,3529,-3537,3529,-3536,3528,-3526,3526,3531,3525,-3533,3525,-3530,3522,-3537,3524,-3538,3524,-3538,3523,-3537,3524,-3537,3525,-3537,3526,3537,3524,-3535,3524,-3536,3526,-3536,3524,-3535,3524,-1.23,101.36,13.04,17607,44,182,39,38.5,39.5,40,79.7,95.26,-32,95,1663187202.286,11280,3,2,0,9,0,0,0,0,4,338.88,338.88,75057F,1,1,1,80,96,40,40,0,0,0,1.45,7139,3
09/14/2022 13:31:44,429,49,186,250231,1680386,337.21,54.877,3522,3502,3512,20,0,106,41.1,111.5,44.1,none,none,113.3,45.1,-3518,3508,-3520,3509,-3518,3507,-3513,3502,-3512,3505,-3515,3505,-3518,3507,-3512,3507,-3515,3508,-3519,3508,-3517,3510,3515,3506,-3516,3507,-3513,3503,-3512,3504,-3514,3507,3515,3506,-3515,3509,-3512,3504,-3509,3505,-3515,3505,-3520,3512,-3521,3511,-3519,3510,-3517,3511,3518,3512,-3520,3514,-3519,3514,-3519,3513,-3518,3514,3518,3512,-3519,3511,-3518,3512,-3507,3507,-3515,3506,-3515,3506,-3512,3504,-3522,3506,-3521,3507,3520,3506,-3521,3507,-3519,3508,-3519,3508,-3520,3507,3518,3507,-3520,3509,-3520,3507,-3518,3507,-0.1,101.36,13.04,17613,44,182,39,38.5,39.5,40,78.8,95.26,-32,96,1663187504.44,10840,3,2,0,9,0,0,0,0,4,337.21,337.21,75057F,1,1,1,80,94,40,40,0,0,0,1.36,7099,3
09/14/2022 13:36:48,429,49,164,220865,1680386,334.13,91.678,3490,3471,3480,19,0,106.5,41.4,112,44.4,none,none,114,45.6,-3489,3476,3488,3478,-3487,3475,-3481,3471,-3479,3473,-3482,3472,3486,3476,-3480,3474,-3482,3473,-3489,3477,-3486,3478,-3484,3474,-3486,3475,-3481,3471,-3479,3471,3485,3475,-3481,3473,-3483,3477,-3480,3472,-3476,3474,3481,3473,-3488,3481,-3490,3481,-3488,3477,-3484,3479,-3487,3481,-3489,3483,-3488,3483,-3487,3482,3486,3482,-3487,3482,-3487,3479,-3486,3479,-3474,3474,3482,3474,-3482,3474,-3479,3472,-3490,3474,-3489,3474,-3488,3473,3488,3476,-3488,3475,-3487,3478,-3489,3475,-3487,3478,-3490,3479,-3489,3476,-3487,3476,-0.13,101.36,13.04,17618,44,182,39,38.5,39.5,40,78.8,95.26,-32,98,1663187808.111,18400,3,2,0,9,0,0,0,0,4,334.13,334.13,75057F,1,1,1,80,93,40,40,0,0,0,2.27,7066,3
09/14/2022 13:41:50,429,49,145,195010,1680386,333.35,58.142,3481,3463,3472,18,0,106.9,41.6,112.5,44.7,none,none,114.5,45.9,-3476,3467,-3478,3470,3476,3466,-3470,3463,-3470,3463,-3474,3465,-3477,3471,-3472,3468,-3474,3467,-3480,3470,-3477,3471,3472,3467,-3476,3469,-3473,3463,-3471,3464,-3474,3466,3472,3465,-3473,3469,-3470,3465,-3467,3466,-3472,3464,-3479,3472,-3478,3473,-3478,3471,-3476,3471,3477,3472,-3479,3475,-3479,3475,-3479,3474,-3478,3473,-3478,3473,3479,3473,-3478,3472,-3467,3467,-3473,3467,-3472,3465,3470,3467,-3478,3468,-3481,3467,-3479,3466,-3479,3470,-3479,3469,-3477,3471,-3480,3468,-3477,3470,3478,3470,-3479,3468,-3479,3469,-0.15,101.36,13.04,17624,44,182,39,38.5,39.5,40,78.8,95.26,-40,100,1663188110.224,11360,3,2,0,9,0,0,0,0,4,333.35,333.35,75057F,1,1,1,80,93,40,40,0,0,0,1.33,7000,3
09/14/2022 13:46:53,429,49,127,172117,1680386,332.3,53.443,3470,3453,3461,17,0,107.4,41.9,112.7,44.9,none,none,115.3,46.3,-3465,3456,-3467,3457,-3467,3455,-3461,3453,-3462,3454,-3463,3455,-3468,3458,3462,3456,-3465,3457,-3467,3458,-3467,3459,-3463,3455,3465,3457,-3463,3453,-3462,3454,-3460,3455,-3462,3455,-3463,3457,-3461,3453,-3460,3453,-3462,3455,3467,3460,-3468,3462,-3468,3458,-3465,3460,-3466,3462,3467,3462,-3467,3462,-3467,3461,-3466,3460,-3468,3461,-3468,3460,-3467,3460,-3456,3456,-3463,3456,3463,3455,-3460,3454,-3469,3455,-3470,3456,-3469,3456,-3470,3457,3469,3457,-3468,3458,-3469,3456,-3467,3456,-3468,3459,3469,3456,-3468,3457,-0.19,101.36,13.04,17629,44,182,39,38.5,39.5,40,78.8,95.26,-62,100,1663188413.081,9960,3,2,0,8,0,0,0,0,4,332.3,332.3,75057F,1,1,1,80,91,40,40,0,0,0,1.39,6558,3
09/14/2022 13:51:54,429,0,121,163509,1680386,334.3,12.763,3493,3476,3483,17,0,107.4,41.9,112.5,44.7,none,none,115.3,46.3,-3485,3477,-3488,3478,-3487,3478,3486,3476,-3484,3476,-3486,3477,-3489,3483,-3488,3481,3489,3480,-3489,3480,-3489,3481,-3487,3477,-3488,3480,-3486,3477,-3486,3479,-3484,3478,-3484,3477,3485,3479,-3484,3476,-3484,3476,-3483,3476,-3487,3480,3489,3482,-3490,3481,-3486,3481,-3487,3482,-3488,3482,-3489,3483,-3491,3483,-3489,3483,-3489,3482,3489,3482,-3490,3483,-3483,3479,-3486,3480,-3485,3477,-3485,3477,3491,3477,-3492,3479,-3491,3478,-3493,3481,-3492,3480,3490,3479,-3492,3479,-3489,3477,-3489,3478,-3489,3478,-3490,3479,-0.2,101.36,13.04,17631,44,182,39.5,39,40,40,80.6,95.26,-208,100,1663188714.652,1840,3,2,0,9,0,0,0,0,4,334.3,334.3,75057F,1,1,1,80,90,40,40,0,0,0,-1.83,785,3
09/14/2022 14:38:25,104,0,348,468576,1680386,357.72,-50.963,3733,3718,3726,15,0,112,44.4,117.6,47.6,none,none,118.7,48.1,3718,3722,3722,3724,3723,3723,3725,3725,3725,3724,3724,3725,3728,3733,3729,3732,3731,3733,3725,3727,3728,3728,3726,3725,3726,3730,3728,3730,3731,3732,3723,3723,3723,3723,3724,3723,3724,3725,3727,3723,3722,3722,3721,3723,3725,3725,3728,3727,3725,3724,3725,3726,3724,3726,3727,3726,3728,3728,3728,3726,3726,3724,3724,3727,3726,3730,3727,3726,3727,3728,3724,3724,3726,3727,3727,3728,3728,3731,3731,3731,3731,3733,3729,3729,3729,3725,3727,3729,3729,3725,3724,3723,3724,3726,3726,3725,na,101.36,13.04,17631,45,182,39.5,39,40,40,95,95.26,0,95,1663191505.724,0,2,4,0,21,0,0,3,0,1,357.72,357.72,05077F,1,1,1,82,80,40,40,0,0,0,0,0,3
09/14/2022 14:43:26,55,0,363,489050,1680386,355.25,8.544,3712,3695,3701,17,0,112.2,44.6,117.9,47.7,none,none,119.2,48.4,3695,-3703,3695,-3703,3695,-3703,3695,-3703,3696,-3702,3696,-3703,3699,-3712,3698,-3709,3701,-3710,3697,-3706,3699,-3706,3695,-3703,3698,-3709,3696,-3708,3699,-3708,3697,-3700,3695,-3701,3696,-3701,3696,-3703,3697,-3703,3695,-3702,3696,-3704,3697,-3705,3699,-3704,3698,-3703,3699,-3705,3698,-3705,3701,-3704,3701,-3706,3701,-3704,3700,-3704,3698,-3706,3699,-3707,3696,-3703,3698,-3703,3696,-3701,3697,-3706,3696,-3710,3697,-3710,3700,-3711,3700,-3711,3698,-3707,3698,-3706,3697,-3707,3698,-3704,3696,-3704,3695,-3706,3697,-3703,3.14,101.35,14.32,17631,45,182,39.5,39,40,40,95.9,95.26,0,95,1663191806.063,1760,3,4,0,19,0,0,0,0,4,355.25,355.25,35057F,1,1,1,80,80,40,40,0,0,0,0,949,3
09/14/2022 14:48:26,55,0,350,470939,1680386,350.18,55.816,3656,3638,3647,18,0,112.5,44.7,118.1,47.9,none,none,119.4,48.6,3645,-3652,3643,-3652,3642,-3651,3640,-3649,3641,-3649,3642,-3649,3644,-3654,3641,-3655,3644,-3654,3642,-3654,3644,-3652,3642,-3650,3642,-3653,3639,-3652,3642,-3650,3642,-3649,3644,-3651,3643,-3650,3641,-3649,3639,-3650,3643,-3652,3645,-3654,3644,-3655,3644,-3650,3647,-3653,3647,-3653,3647,-3654,3646,-3652,3645,-3653,3649,-3653,3646,-3652,3644,-3654,3644,-3651,3638,-3648,3641,-3649,3642,-3648,3641,-3651,3640,-3656,3641,-3656,3641,-3656,3642,-3656,3640,-3655,3643,-3654,3642,-3653,3640,-3654,3643,-3653,3643,-3654,3642,-3649,-0.15,101.36,13.04,17634,45,182,39,37.5,38.25,39.5,85.1,95.26,-58,96,1663192106.504,11280,3,2,0,11,0,0,0,0,4,350.18,350.18,35057F,1,1,1,80,91,40,40,0,0,0,1.5,7069,3
09/14/2022 14:53:30,55,0,329,443665,1680386,348.88,52.032,3640,3625,3632,15,0,112.5,44.7,117.9,47.7,none,none,118.9,48.3,3632,-3637,3630,-3637,3630,-3635,3627,-3635,3627,-3633,3627,-3634,3630,-3638,3628,-3638,3630,-3638,3630,-3637,3630,-3636,3627,-3636,3628,-3637,3626,-3637,3628,-3634,3631,-3634,3630,-3634,3628,-3634,3628,-3634,3625,-3636,3628,-3636,3631,-3637,3631,-3638,3630,-3633,3633,-3638,3634,-3640,3633,-3638,3633,-3637,3632,-3638,3633,-3637,3634,-3638,3632,-3638,3630,-3635,3626,-3634,3629,-3633,3630,-3633,3628,-3635,3628,-3640,3628,-3638,3629,-3639,3628,-3638,3630,-3638,3629,-3637,3629,-3637,3626,-3638,3629,-3638,3631,-3638,3629,-3633,-0.21,101.34,13.04,17639,45,182,39,38.25,39,39.5,78.8,95.26,-63,97,1663192410.1,9200,3,2,0,10,0,0,0,0,4,348.88,348.88,35057F,1,1,1,80,90,40,40,0,0,0,1.73,6763,3
09/14/2022 14:58:31,55,0,308,414841,1680386,348.97,6.591,3642,3627,3634,15,0,112.2,44.6,117.6,47.6,none,none,118.9,48.3,3631,-3638,3632,-3639,3631,-3638,3630,-3634,3630,-3637,3630,-3636,3631,-3640,3630,-3641,3632,-3642,3631,-3640,3631,-3639,3629,-3638,3631,-3640,3627,-3639,3631,-3637,3630,-3636,3632,-3638,3632,-3637,3631,3636,-3628,3639,3631,-3638,-3633,3640,3632,-3640,3631,-3637,3634,-3639,3635,-3641,3635,-3640,3635,-3638,3634,-3640,3635,-3639,3635,-3639,3632,-3640,3632,-3638,3630,-3636,3631,-3637,3631,-3635,3632,-3637,3629,-3641,3630,-3642,3629,-3641,3631,-3641,3629,-3640,3631,-3639,3630,-3639,3630,-3639,3631,-3640,3632,-3641,3630,-3636,-0.17,101.32,13.04,17644,45,182,39,38.5,39.5,39.5,77,95.26,-66,98,1663192711.63,320,3,2,0,9,0,0,0,0,4,348.97,348.97,35057F,1,1,1,80,91,40,40,0,0,0,0.17,6790,3
09/14/2022 15:03:33,55,0,291,391627,1680386,346.2,56.182,3614,3596,3605,18,0,111.7,44.3,116.9,47.1,none,none,118.4,48,3605,-3610,3602,-3611,3601,-3610,3599,-3606,3600,-3607,3600,-3608,3601,-3610,3597,-3612,-3600,-3610,3602,-3611,-3602,3611,-3599,3609,-3600,3609,-3597,3609,3599,3606,-3601,3608,-3602,3608,-3601,3609,-3599,3607,-3596,3609,-3601,3609,-3604,3611,-3603,3612,3602,3607,-3605,3611,-3605,3612,-3605,3612,-3605,3610,3603,3610,-3604,3610,-3605,3612,-3603,3612,-3603,3609,-3596,3607,-3600,3606,-3601,3606,-3600,3609,3599,3614,-3599,3612,-3598,3612,-3598,3613,-3598,3611,3600,3611,-3601,3610,3598,-3611,-3601,3612,3602,-3612,3600,-3606,-0.2,101.32,13.04,17649,45,182,39,38.5,39.5,39.5,77,95.26,-66,99,1663193013.524,10120,2,1,0,7,0,0,0,0,4,346.2,346.2,35057F,1,1,1,80,89,40,40,0,0,0,1.55,6407,3
09/14/2022 15:08:34,55,0,265,356705,1680386,343.72,58.837,3589,3574,3581,15,0,112,44.4,116.9,47.1,none,none,118.1,47.9,-3587,3577,-3587,3578,-3584,3576,-3582,3574,-3581,3575,3584,3575,-3586,3577,-3583,3577,-3584,3577,-3587,3578,3586,3578,-3584,3576,-3584,3576,-3582,3575,-3581,3575,-3585,3575,-3583,3578,-3583,3578,-3582,3575,3580,3577,-3584,3576,-3586,3580,-3587,3581,-3585,3578,-3585,3580,3586,3582,-3587,3582,-3587,3580,-3585,3581,-3586,3581,3587,3581,-3586,3580,-3586,3577,-3580,3576,-3582,3576,-3584,3575,-3582,3575,-3589,3576,-3589,3576,3588,3576,-3587,3576,-3587,3577,-3586,3577,-3586,3576,3585,3577,-3587,3578,-3587,3577,-3585,3576,-0.21,101.32,13.04,17654,45,182,39,38.5,39.5,39.5,76.1,95.26,-73,100,1663193314.618,11000,3,2,0,8,0,0,0,0,4,343.72,343.72,35057F,1,1,1,80,93,40,40,0,0,0,1.47,7065,3
09/14/2022 15:13:37,55,0,249,335524,1680386,343,47.149,3584,3566,3573,18,0,111.2,44,116.3,46.9,none,none,117.9,47.7,-3580,3569,-3580,3570,-3579,3567,-3576,3567,-3574,3567,-3576,3567,3578,3569,-3579,3569,-3578,3568,-3582,3569,-3579,3570,-3578,3569,-3578,3567,-3579,3566,-3575,3566,3578,3569,-3575,3569,-3576,3570,-3574,3566,-3573,3568,3576,3568,-3580,3571,-3580,3571,-3579,3569,-3578,3571,-3578,3573,-3579,3573,-3579,3573,-3579,3574,3579,3573,-3580,3572,-3580,3572,-3579,3570,-3574,3567,3576,3567,-3578,3569,-3574,3567,-3584,3567,-3582,3566,-3583,3567,-3581,3568,-3582,3568,-3580,3569,3581,3567,-3580,3569,-3579,3569,-3580,3568,-3579,3568,-0.22,101.32,13.04,17659,45,182,39,38.5,39.5,39.5,75.2,95.26,-76,100,1663193617.622,9560,2,1,0,7,0,0,0,0,4,343,343,35057F,1,1,1,80,90,40,40,0,0,0,1.06,6827,3
09/14/2022 15:18:38,55,0,233,314587,1680386,342.44,35.278,3577,3559,3568,18,0,110.7,43.7,115.8,46.6,none,none,117.6,47.6,-3572,3563,-3574,3564,3573,3563,-3570,3560,-3569,3560,-3571,3562,-3575,3565,-3571,3563,-3573,3564,-3576,3564,-3574,3564,3571,3563,-3573,3563,-3572,3561,-3569,3563,-3570,3564,-3571,3563,3569,3564,-3568,3561,-3567,3559,-3570,3561,-3574,3566,3575,3566,-3573,3564,-3571,3566,-3573,3567,-3574,3569,-3573,3568,-3574,3567,-3573,3567,-3573,3567,3576,3567,-3574,3567,-3568,3563,-3571,3564,-3571,3563,3570,3562,-3576,3563,-3576,3562,-3577,3562,-3577,3563,-3575,3564,-3574,3564,-3576,3563,-3574,3562,3575,3564,-3576,3564,-3574,3562,-0.21,101.32,13.04,17664,45,182,39,38.5,39.5,39.5,76.1,95.26,-123,100,1663193918.585,7200,2,2,0,8,0,0,0,0,4,342.44,342.44,35057F,1,1,1,80,89,40,40,0,0,0,0.33,6410,3
09/14/2022 15:23:40,55,0,217,291955,1680386,340.14,49.163,3551,3535,3543,16,0,110.4,43.6,115.3,46.3,none,none,117.6,47.6,-3548,3539,-3548,3541,-3548,3538,-3544,3535,3543,3537,-3545,3536,-3548,3541,-3546,3539,-3547,3538,-3549,3540,-3548,3541,-3547,3538,-3548,3540,3546,3536,-3543,3538,-3547,3538,-3545,3538,-3546,3539,3544,3537,-3541,3537,-3543,3537,-3549,3542,-3549,3542,-3549,3542,-3547,3543,-3548,3543,-3549,3544,3548,3545,-3549,3543,-3548,3544,-3549,3544,-3550,3542,3548,3542,-3542,3539,-3546,3539,-3545,3538,-3544,3538,-3551,3538,3551,3538,-3551,3538,-3551,3540,-3550,3539,-3549,3540,-3550,3539,-3548,3539,-3549,3539,-3550,3539,3548,3539,-0.21,101.32,13.04,17669,45,182,39,38.25,39.5,39.5,74.3,95.26,-125,100,1663194220.164,12600,2,1,0,6,0,0,0,0,4,340.14,340.14,35057F,1,1,1,80,89,40,40,0,0,0,1.16,6425,3
09/14/2022 15:28:45,55,0,202,272927,1680386,341.5,-13.915,3572,3555,3562,17,0,110.4,43.6,115.6,46.4,none,none,117.9,47.7,-3561,3556,-3567,3557,3568,3557,-3565,3555,-3564,3556,-3566,3556,-3569,3559,-3567,3559,-3569,3560,-3568,3559,-3568,3560,3565,3558,-3568,3559,-3566,3555,-3565,3558,-3563,3557,3564,3558,-3565,3558,-3563,3556,-3563,3556,-3563,3555,-3567,3558,-3569,3560,-3568,3559,-3565,3559,3567,3561,-3567,3562,-3568,3563,-3569,3562,-3568,3562,-3568,3561,3569,3561,-3568,3563,-3565,3558,-3565,3558,-3565,3557,3564,3557,-3570,3556,-3572,3557,-3572,3558,-3572,3559,-3570,3558,-3569,3557,-3569,3557,-3570,3557,3569,3558,-3569,3557,-3568,3557,-0.27,101.32,13.04,17674,45,182,38.5,38.25,39,39.5,73.4,95.26,-141,100,1663194525.634,0,2,1,0,7,0,0,0,0,4,341.5,341.5,35057F,1,1,1,80,88,40,40,0,0,0,-1.44,6689,3
09/14/2022 15:33:46,55,0,190,255841,1680386,339.38,34.392,3545,3527,3535,18,0,110.2,43.4,115.3,46.3,none,none,118.1,47.9,-3539,3529,-3541,3531,-3540,3530,-3537,3528,3535,3528,-3537,3528,-3541,3532,-3539,3530,-3540,3531,-3542,3531,-3541,3533,-3538,3529,-3540,3531,3539,3527,-3537,3529,-3538,3529,-3536,3528,-3537,3531,3535,3528,-3534,3528,-3536,3528,-3541,3534,-3540,3533,-3542,3533,-3539,3533,-3540,3533,-3541,3535,3541,3536,-3542,3535,-3539,3534,-3541,3534,-3542,3533,-3540,3533,-3534,3530,-3539,3530,-3539,3529,-3535,3528,-3544,3529,3545,3529,-3545,3530,-3544,3531,-3542,3530,-3542,3531,-3543,3529,-3542,3530,-3542,3531,-3542,3529,3541,3529,-0.28,101.32,13.04,17679,45,182,38.5,38.25,39,39,73.4,95.26,-178,100,1663194826.495,6600,2,1,0,6,0,0,0,0,4,339.38,339.38,35057F,1,1,1,80,88,40,40,0,0,0,0.8,6400,3
09/14/2022 15:38:48,55,0,177,238055,1680386,338.15,37.902,3531,3514,3522,17,0,110.2,43.4,115.3,46.3,none,none,118.4,48,3525,3517,-3528,3520,-3526,3517,-3523,3515,-3520,3516,-3522,3516,-3528,3520,-3525,3519,-3526,3518,3529,3520,-3528,3521,-3526,3518,-3527,3520,-3524,3515,3521,3516,-3525,3516,-3522,3515,-3523,3519,-3522,3515,-3519,3517,-3522,3514,-3527,3522,-3528,3523,3528,3520,-3526,3521,-3526,3522,-3527,3524,-3528,3524,-3529,3523,3527,3522,-3529,3522,-3528,3522,-3528,3522,-3520,3517,3524,3518,-3525,3516,-3522,3517,-3530,3518,-3531,3517,-3531,3517,-3529,3520,-3529,3518,-3528,3520,3529,3519,-3528,3519,-3528,3520,-3529,3519,-3528,3518,-0.25,101.32,13.04,17684,45,182,38.5,38.25,39,39,73.4,95.26,-184,100,1663195128.315,7840,2,1,0,7,0,0,0,0,4,338.15,338.15,35057F,1,1,1,80,87,40,40,0,0,0,1.11,6382,3
09/14/2022 15:43:50,55,0,162,218858,1680386,336.76,36.681,3519,3497,3508,22,0,110.2,43.4,115.1,46.1,none,none,118.7,48.1,-3512,3502,-3515,3505,-3514,3501,-3508,3499,-3505,3499,3508,3500,-3514,3506,-3513,3503,-3511,3502,-3517,3505,3514,3506,-3510,3501,-3513,3504,-3511,3499,-3507,3499,-3513,3502,-3507,3499,-3509,3503,-3505,3500,3504,3502,-3507,3497,-3514,3507,-3515,3507,-3514,3505,3513,3506,-3512,3506,-3516,3509,-3516,3510,-3516,3509,-3513,3508,-3514,3508,-3515,3508,-3515,3506,3506,3503,-3510,3504,-3510,3500,-3506,3502,-3519,3502,-3518,3500,3519,3502,-3518,3505,-3518,3504,-3515,3506,-3517,3503,3515,3505,-3514,3504,-3516,3503,-3515,3504,-0.28,101.32,13.04,17688,45,182,38.5,38.25,39,39,74.3,95.26,-184,100,1663195430.809,7600,2,1,0,7,0,0,0,0,4,336.76,336.76,35057F,1,1,1,80,87,40,40,0,0,0,0.95,6391,3
09/14/2022 15:48:53,-26,57,148,199837,1680386,335.02,41.106,3500,3479,3489,21,0,110.2,43.4,115.3,46.3,none,none,118.9,48.3,-3493,3482,3495,3485,-3494,3483,-3489,3479,-3487,3480,-3490,3481,3496,3488,-3489,3485,-3492,3484,-3496,3487,-3495,3488,-3491,3483,-3495,3487,-3491,3481,-3488,3483,3489,3482,-3489,3481,-3490,3485,-3487,3481,-3486,3480,3488,3480,-3496,3488,-3497,3490,-3497,3488,-3492,3487,-3494,3489,-3496,3491,-3497,3492,-3497,3490,3495,3490,-3495,3490,-3497,3489,-3497,3490,-3485,3484,3492,3484,-3489,3482,-3488,3481,-3498,3484,-3498,3485,-3498,3485,-3500,3487,-3498,3485,-3497,3488,3500,3486,-3497,3485,-3496,3486,-3498,3485,-3497,3486,-0.29,101.32,13.04,17693,45,182,38.5,38.25,39,39,74.3,95.26,-184,100,1663195733.672,7560,2,1,0,7,0,0,0,0,4,335.02,335.02,45047F,1,1,1,80,87,40,40,0,0,0,1.16,6387,3
09/14/2022 15:53:57,-26,0,139,187782,1680386,336.38,2.563,3515,3494,3503,21,0,110.2,43.4,115.3,46.3,none,none,119.2,48.4,-3504,3495,-3509,3498,-3507,3496,-3504,3495,-3503,3495,3505,3496,-3510,3504,-3506,3499,-3508,3500,-3509,3501,3511,3502,-3506,3497,-3509,3502,-3506,3496,-3506,3499,-3504,3497,-3504,3496,-3504,3499,-3502,3496,3503,3495,-3501,3494,-3509,3501,-3509,3502,-3512,3502,-3507,3501,3508,3502,-3509,3504,-3510,3506,-3513,3504,-3509,3504,3510,3504,-3511,3503,-3510,3504,-3501,3498,-3507,3500,-3504,3497,-3503,3498,-3513,3499,-3514,3499,3514,3500,-3515,3502,-3512,3500,-3512,3501,-3513,3501,3514,3498,-3510,3500,-3512,3499,-3511,3500,-0.32,101.32,13.04,17697,45,182,39,38.5,39.5,39.5,74.3,95.26,-386,100,1663196037.229,0,2,1,0,7,0,0,0,0,4,336.38,336.38,45047F,1,1,1,80,88,40,40,0,0,0,0,0,3
09/14/2022 15:58:58,-26,0,137,184689,1680386,335.99,12.389,3512,3491,3501,21,0,110.2,43.4,115.3,46.3,none,none,119.2,48.4,-3501,3493,3506,3495,-3505,3493,-3501,3491,-3499,3494,-3503,3494,-3508,3501,-3504,3497,-3505,3497,-3507,3498,-3507,3500,-3503,3494,3506,3500,-3503,3494,-3503,3497,-3500,3493,-3501,3492,-3501,3496,-3499,3493,-3500,3492,-3499,3491,3506,3498,-3507,3500,-3508,3500,-3504,3497,-3505,3498,3506,3501,-3506,3503,-3509,3501,-3506,3500,-3507,3501,-3508,3501,-3509,3503,-3499,3496,-3504,3496,3500,3493,-3500,3495,-3511,3495,-3511,3497,-3512,3498,3511,3500,-3511,3498,-3509,3498,-3510,3497,-3510,3495,-3507,3496,-3508,3496,-3509,3498,-0.32,101.32,13.04,17697,45,182,38.5,38.25,39.5,39.5,76.1,95.26,-461,100,1663196338.797,560,2,1,0,7,0,0,0,0,4,335.99,335.99,45047F,1,1,1,80,81,40,40,0,0,0,-4.05,59,3
09/14/2022 16:04:00,-13,0,145,196258,1680386,342,-71.013,3570,3550,3560,20,3545,110.4,43.6,115.6,46.4,none,none,119.4,48.6,3550,3554,3559,3559,3558,3557,3557,3552,3554,3554,3555,3557,3566,3570,3557,3562,3562,3564,3561,3563,3562,3566,3556,3557,3562,3569,3557,3558,3558,3563,3551,3556,3554,3553,3556,3557,3554,3557,3555,3553,3551,3550,3559,3560,3561,3563,3564,3567,3559,3559,3558,3559,3560,3562,3564,3566,3569,3563,3564,3561,3561,3563,3564,3564,3565,3569,3555,3559,3561,3563,3555,3555,3556,3562,3562,3562,3563,3565,3565,3565,3567,3570,3562,3563,3563,3564,3565,3564,3567,3559,3560,3560,3560,3561,3562,3564,-0.1,101.32,12.96,17698,46,182,38.5,38.25,39,39,77.9,95.26,-831,100,1663196640.134,0,1,0,0,0,0,0,3,0,1,342,342,4C057F,1,1,1,82,79,40,40,0,0,0,0,0,3
09/14/2022 16:09:55,-19,0,153,205861,1680386,343.44,-71.38,3588,3566,3577,22,3560,110.7,43.7,116.3,46.9,none,none,119.4,48.6,3567,3572,3576,3576,3575,3573,3573,3572,3570,3571,3573,3574,3583,3587,3575,3579,3578,3582,3577,3579,3580,3584,3573,3574,3579,3585,3574,3577,3576,3581,3567,3572,3569,3569,3573,3575,3570,3573,3572,3571,3568,3566,3576,3577,3579,3581,3582,3583,3576,3574,3574,3574,3577,3579,3581,3582,3586,3581,3580,3579,3578,3580,3580,3580,3582,3587,3571,3575,3578,3579,3571,3571,3571,3580,3578,3580,3581,3583,3582,3583,3584,3588,3579,3580,3581,3581,3583,3582,3584,3576,3577,3577,3578,3577,3580,3581,-0.18,101.32,12.96,17698,46,182,38.5,38.25,39,39,78.8,95.26,-1412,100,1663196995.548,0,1,0,0,0,0,0,3,0,1,343.44,343.44,5D0477,0,1,1,2,77,40,40,0,0,0,0,0,3
09/14/2022 16:15:28,-13,0,205,275901,1680386,350.02,-67.779,3653,3638,3645,15,3633,111.7,44.3,117.1,47.3,none,none,119.4,48.6,3638,3641,3643,3643,3643,3644,3645,3644,3643,3643,3643,3644,3648,3653,3649,3650,3650,3652,3647,3647,3648,3650,3644,3644,3647,3652,3646,3647,3647,3651,3641,3642,3642,3641,3643,3642,3642,3645,3646,3643,3640,3638,3642,3644,3644,3646,3647,3648,3644,3643,3643,3644,3644,3645,3647,3648,3650,3649,3647,3646,3646,3645,3646,3648,3648,3652,3647,3645,3647,3648,3644,3644,3644,3647,3645,3647,3648,3650,3650,3649,3651,3653,3648,3647,3647,3647,3647,3648,3651,3644,3644,3644,3645,3645,3646,3647,na,101.32,13.04,17698,46,182,38.5,38.25,39,39,82.4,95.26,0,100,1663197328.452,0,1,2,0,12,0,0,3,0,1,350.02,350.02,65037F,1,1,1,82,76,40,40,0,0,0,0,0,3
09/14/2022 16:20:32,-13,0,230,309981,1680386,351.51,-67.26,3668,3655,3662,13,3653,112,44.4,117.1,47.3,none,none,119.2,48.4,3655,3659,3660,3660,3660,3660,3662,3662,3661,3661,3660,3660,3664,3668,3667,3667,3666,3668,3662,3662,3664,3665,3660,3662,3663,3666,3662,3664,3664,3666,3660,3660,3660,3660,3660,3661,3660,3660,3662,3661,3658,3659,3660,3659,3660,3662,3662,3663,3661,3662,3661,3661,3660,3662,3662,3662,3666,3664,3663,3662,3662,3662,3662,3663,3664,3665,3666,3662,3662,3664,3661,3660,3662,3663,3662,3663,3664,3665,3667,3665,3666,3667,3663,3664,3663,3661,3663,3663,3665,3661,3661,3661,3661,3662,3661,3662,-0.26,101.32,13.04,17698,46,182,38.5,38.25,39,39,81.5,95.26,-2062,100,1663197632.361,0,1,1,0,8,0,0,3,0,1,351.51,351.51,69037F,1,1,1,82,75,40,40,0,0,0,0,0,3
09/14/2022 16:25:35,-13,0,255,343460,1680386,352.81,-65.337,3683,3668,3675,15,3663,112.2,44.6,117.9,47.7,none,none,119.4,48.6,3668,3672,3672,3672,3672,3673,3675,3676,3674,3673,3673,3674,3677,3681,3683,3679,3679,3679,3677,3675,3676,3676,3674,3673,3676,3679,3677,3678,3677,3679,3675,3672,3672,3672,3672,3673,3673,3674,3677,3674,3671,3671,3672,3672,3673,3673,3676,3677,3675,3674,3673,3673,3673,3674,3675,3675,3677,3677,3675,3674,3675,3675,3674,3675,3676,3677,3680,3675,3677,3677,3675,3673,3675,3676,3675,3677,3676,3676,3681,3678,3678,3681,3678,3675,3676,3674,3676,3676,3677,3674,3673,3672,3673,3673,3673,3674,-0.33,101.32,13.04,17698,46,182,38.5,38.25,39,39,82.4,95.26,-4087,99,1663197935.531,0,1,1,0,7,0,0,3,0,1,352.81,352.81,69037F,1,1,1,82,74,40,40,0,0,0,0,0,3
09/14/2022 16:30:38,-3,0,279,375330,1680386,353.92,-62.224,3693,3679,3686,14,3675,112.5,44.7,118.1,47.9,none,none,119.7,48.7,3679,3683,3683,3684,3683,3685,3686,3685,3686,3685,3685,3685,3689,3692,3689,3692,3690,3693,3685,3687,3688,3688,3685,3686,3688,3690,3686,3689,3688,3692,3682,3685,3684,3683,3685,3684,3684,3685,3688,3683,3682,3683,3682,3683,3685,3685,3687,3688,3684,3684,3684,3684,3685,3685,3686,3686,3690,3687,3687,3686,3686,3686,3686,3687,3688,3691,3688,3686,3688,3688,3683,3685,3687,3687,3686,3687,3688,3690,3690,3691,3691,3692,3687,3688,3688,3685,3687,3688,3689,3685,3686,3684,3685,3686,3686,3686,-0.3,101.32,13.04,17698,46,182,38.5,38.25,39,39,81.5,95.26,-6015,97,1663198238.87,0,1,1,0,7,0,0,3,0,1,353.92,353.92,78047F,1,1,1,82,73,40,40,0,0,0,0,0,3
09/14/2022 16:35:41,-3,0,293,394210,1680386,349.17,56.457,3647,3631,3638,16,0,112.5,44.7,117.9,47.7,none,none,119.7,48.7,3637,-3641,3632,-3641,3633,-3641,3631,-3639,3631,-3640,3632,-3640,3634,-3645,3633,-3644,3635,-3644,3634,-3643,3635,-3643,3633,-3640,3633,-3644,3633,-3643,3633,-3642,3635,-3639,3634,-3640,3633,-3640,3632,-3640,3631,-3642,3632,-3641,3634,-3641,3634,-3644,3633,-3640,3638,-3642,3636,-3643,3635,-3643,3637,-3642,3636,-3643,3637,-3642,3636,-3643,3635,-3643,3635,-3643,3631,-3641,3633,-3640,3635,-3638,3634,-3642,3633,-3646,3633,-3646,3633,-3646,3633,-3647,3632,-3645,3633,-3644,3632,-3645,3633,-3644,3633,-3644,3633,-3644,3632,-3640,0.27,101.32,13.04,17698,46,182,37.5,38.25,38.25,37.75,80.6,95.26,-1,98,1663198541.204,10640,2,1,0,8,0,0,0,0,4,349.17,349.17,78047F,1,1,1,80,74,40,40,0,0,0,3.14,1837,3
09/14/2022 16:40:42,-3,0,274,369397,1680386,345.38,95.362,3604,3588,3597,16,0,112.7,44.9,118.1,47.9,none,none,119.7,48.7,3601,-3601,3596,-3602,3594,-3599,3592,-3599,3590,-3598,3592,-3598,3594,-3601,3592,-3602,3591,-3600,3598,-3601,3594,-3601,3594,-3599,3593,-3601,3594,-3601,3592,-3598,3599,-3598,3594,-3600,3593,-3598,3591,-3598,3588,-3600,3593,-3600,3596,-3603,3595,-3603,3594,-3598,3599,-3602,3597,-3603,3598,-3602,3598,-3601,3595,-3602,3597,-3602,3597,-3602,3596,-3602,3595,-3600,3591,-3598,3592,-3598,3598,-3598,3593,-3599,3596,-3604,3594,-3602,3595,-3603,3592,-3603,3595,-3601,3594,-3602,3593,-3601,3592,-3603,3594,-3603,3594,-3603,3593,-3598,-0.33,101.32,13.04,17702,46,182,38.25,37.5,38.25,38.5,75.2,95.26,-105,99,1663198842.175,18600,2,1,0,7,0,0,0,0,4,345.38,345.38,78047F,1,1,1,80,87,40,40,0,0,0,2.52,7610,3
09/14/2022 16:45:43,-3,0,258,347665,1680386,345.68,42.937,3609,3591,3599,18,0,112.2,44.6,117.9,47.7,none,none,119.4,48.6,3598,-3603,3594,-3604,3595,-3602,3593,-3603,3592,-3602,3593,-3601,3598,-3607,3595,-3607,3594,-3605,3597,-3605,3596,-3605,3594,-3603,3595,-3606,3593,-3603,3593,-3600,3597,-3601,3594,-3601,3595,-3601,3593,-3601,3591,-3604,3592,-3601,3596,-3605,3597,-3605,3595,-3601,3600,-3604,3598,-3604,3598,-3604,3599,-3604,3598,-3605,3598,-3603,3598,-3605,3598,-3605,3597,-3602,3594,-3601,3595,-3602,3595,-3601,3594,-3605,3595,-3609,3594,-3605,3595,-3607,3594,-3608,3594,-3605,3594,-3605,3594,-3606,3593,-3606,3594,-3606,3594,-3606,3593,-3601,-0.28,101.32,13.04,17707,46,182,38.5,38.25,39,39,75.2,95.26,-190,100,1663199143.957,8520,2,1,0,6,0,0,0,0,4,345.68,345.68,78047F,1,1,1,80,87,40,40,0,0,0,1.27,6525,3
09/14/2022 16:50:47,-3,0,249,334981,1680386,350.32,-126.189,3655,3633,3644,22,0,111.5,44.1,116.6,47,none,none,118.9,48.3,3633,-3648,3639,-3649,3639,-3648,3640,-3646,3639,-3648,3638,-3648,3642,-3654,3645,-3654,3643,-3655,3638,-3650,3641,-3651,3638,-3648,3642,-3654,3640,-3651,3641,-3651,3635,-3647,3638,-3646,3639,-3648,3638,-3648,3640,-3648,3636,-3644,3639,-3648,3641,-3650,3640,-3648,3644,-3647,3641,-3649,3643,-3649,3643,-3649,3644,-3647,3644,-3647,3643,-3649,3642,-3650,3642,-3651,3643,-3647,3642,-3649,3639,-3645,3640,-3651,3638,-3654,3639,-3654,3640,-3653,3641,-3655,3635,-3652,3640,-3651,3640,-3653,3642,-3649,3639,-3649,3639,-3650,3639,-3648,-0.36,101.32,13.04,17711,46,182,38.5,38.25,39,39.5,74.3,95.26,-271,100,1663199447.303,0,2,1,0,7,0,0,0,0,4,350.32,350.32,78047F,1,1,1,80,86,40,40,0,0,0,-6.59,3651,3
09/14/2022 16:55:50,-3,0,248,333649,1680386,347.25,-7.537,3629,3613,3620,16,0,110.9,43.9,115.8,46.6,none,none,118.7,48.1,3615,-3621,3615,-3623,3615,-3622,3615,-3622,3614,-3622,3615,-3623,3618,-3628,3618,-3627,3618,-3627,3617,-3625,3617,-3626,3615,-3623,3617,-3627,3615,-3625,3616,-3624,3614,-3621,3616,-3620,3616,-3622,3615,-3622,3615,-3622,3613,-3619,3617,-3624,3617,-3625,3616,-3623,3618,-3622,3618,-3623,3619,-3624,3620,-3623,3620,-3624,3619,-3622,3618,-3625,3618,-3625,3619,-3626,3616,-3623,3618,-3624,3616,-3621,3616,-3625,3616,-3628,3617,-3628,3617,-3627,3618,-3629,3615,-3626,3617,-3625,3617,-3626,3617,-3625,3616,-3624,3616,-3624,3615,-3623,-0.33,101.32,13.04,17712,46,182,38.5,38.25,39,39,76.1,95.26,-495,100,1663199750.025,0,2,2,0,8,0,0,0,0,4,347.25,347.25,78047F,1,1,1,80,87,40,40,0,0,0,-7.23,1723,3
09/14/2022 17:00:53,-3,0,238,320998,1680386,345.99,1.861,3613,3593,3603,20,0,111.2,44,116.9,47.1,none,none,118.7,48.1,3597,-3604,3598,-3606,3598,-3604,3597,-3602,3596,-3602,3598,-3604,3602,-3613,3599,-3611,3601,-3610,3602,-3608,3601,-3610,3598,-3604,3601,-3612,3598,-3607,3599,-3607,3598,-3603,3597,-3602,3598,-3603,3596,-3604,3596,-3603,3593,-3601,3600,-3606,3601,-3610,3602,-3609,3602,-3606,3600,-3606,3601,-3607,3603,-3608,3604,-3608,3602,-3605,3602,-3608,3602,-3609,3604,-3610,3597,-3606,3601,-3607,3598,-3601,3598,-3609,3599,-3611,3601,-3610,3601,-3612,3602,-3613,3600,-3610,3600,-3609,3601,-3610,3601,-3608,3599,-3608,3600,-3607,3599,-3606,-0.39,101.32,13.04,17715,46,182,38.5,38.25,39,39,74.3,95.26,-770,100,1663200053.257,0,2,1,0,7,0,0,0,0,4,345.99,345.99,78047F,1,1,1,80,90,40,40,0,0,0,2.94,507,3
09/14/2022 17:05:57,108,3,219,295760,1680386,339.07,87.292,3542,3522,3532,20,0,111.5,44.1,117.4,47.4,none,none,118.9,48.3,3535,-3536,3529,-3538,3528,-3534,3525,-3533,3523,-3532,3525,-3532,3529,-3539,3526,-3538,3526,-3536,3532,-3538,3529,-3538,3527,-3535,3529,-3539,3527,-3535,3525,-3532,3532,-3533,3527,-3533,3527,-3535,3524,-3533,3523,-3535,3525,-3532,3530,-3538,3530,-3540,3531,-3536,3533,-3537,3531,-3537,3534,-3537,3533,-3539,3532,-3539,3532,-3537,3533,-3540,3531,-3538,3531,-3537,3522,-3534,3529,-3534,3528,-3530,3525,-3537,3529,-3542,3527,-3539,3529,-3540,3527,-3542,3527,-3538,3529,-3540,3529,-3539,3527,-3538,3528,-3539,3528,-3538,3527,-3534,-0.35,101.32,13.04,17717,46,182,38.25,37.5,38.5,38.5,74.3,95.26,-776,100,1663200357.198,17240,2,1,0,7,0,0,0,0,4,339.07,339.07,8D047F,1,1,1,80,91,40,40,0,0,0,2.91,6540,3
09/14/2022 17:11:01,108,3,219,294831,1680386,345.83,-13.946,3613,3593,3601,20,0,111.7,44.3,117.1,47.3,none,none,119.2,48.4,3596,-3603,3597,-3605,3595,-3604,3596,-3605,3595,-3603,3595,-3603,3600,-3611,3598,-3610,3598,-3610,3598,-3607,3599,-3609,3596,-3604,3598,-3609,3596,-3607,3597,-3606,3596,-3602,3595,-3603,3595,-3603,3595,-3604,3595,-3603,3593,-3602,3596,-3604,3598,-3607,3599,-3605,3599,-3604,3598,-3604,3598,-3605,3600,-3606,3601,-3606,3601,-3604,3600,-3605,3599,-3608,3600,-3609,3597,-3604,3599,-3606,3598,-3602,3595,-3608,3596,-3611,3596,-3610,3599,-3610,3598,-3613,3597,-3609,3597,-3607,3598,-3608,3598,-3607,3596,-3605,3595,-3606,3596,-3604,-0.38,101.32,13.04,17721,46,182,38.5,38.25,39,39,74.3,95.26,-1326,100,1663200661.103,0,2,1,0,8,0,0,0,0,4,345.83,345.83,8D047F,1,1,1,80,89,40,40,0,0,0,-2.61,970,3
09/14/2022 17:16:04,108,3,209,281838,1680386,341.24,49.834,3565,3546,3555,19,0,111.2,44,116.3,46.9,none,none,118.9,48.3,3554,-3559,3551,-3559,3551,-3556,3549,-3558,3547,-3556,3549,-3555,3552,-3563,3550,-3560,3550,-3560,3553,-3560,3551,-3561,3550,-3558,3551,-3563,3549,-3558,3548,-3556,3552,-3557,3549,-3555,3550,-3557,3547,-3558,3546,-3558,3547,-3555,3552,-3560,3553,-3561,3552,-3558,3554,-3559,3552,-3559,3554,-3560,3554,-3560,3555,-3560,3554,-3559,3554,-3560,3553,-3561,3553,-3560,3548,-3558,3552,-3557,3551,-3555,3548,-3560,3551,-3564,3550,-3562,3551,-3563,3551,-3565,3550,-3562,3550,-3562,3550,-3561,3550,-3561,3549,-3561,3550,-3560,3550,-3557,-0.38,101.32,13.04,17724,46,182,38.5,38.25,39,39,73.4,95.26,-1376,100,1663200964.19,10560,2,1,0,7,0,0,0,0,4,341.24,341.24,8D047F,1,1,1,80,85,40,40,0,0,0,1.33,5766,3
09/14/2022 17:21:07,108,3,196,264195,1680386,340.12,45.104,3552,3533,3542,19,0,110.9,43.9,116.3,46.9,none,none,118.9,48.3,3541,-3545,3539,-3547,3538,-3544,3535,-3545,3535,-3542,3536,-3543,3540,-3550,3536,-3548,3537,-3548,3541,-3548,3538,-3549,3538,-3545,3539,-3550,3536,-3545,3535,-3543,3539,-3543,3536,-3543,3537,-3544,3535,-3544,3533,-3544,3535,-3542,3538,-3548,3540,-3548,3539,-3545,3541,-3546,3541,-3546,3541,-3546,3541,-3547,3542,-3548,3541,-3546,3540,-3548,3541,-3548,3540,-3547,3535,-3544,3539,-3545,3539,-3542,3536,-3547,3537,-3551,3537,-3549,3538,-3550,3538,-3552,3536,-3548,3537,-3548,3538,-3548,3537,-3549,3538,-3548,3538,-3547,3537,-3545,-0.33,101.32,13.04,17729,46,182,38.5,38.25,39,39,72.5,95.26,-1382,100,1663201267.916,8160,2,1,0,6,0,0,0,0,4,340.12,340.12,8D047F,1,1,1,80,87,40,40,0,0,0,1.31,6415,3
09/14/2022 17:26:08,108,3,187,251768,1680386,340.19,17.822,3554,3534,3542,20,0,110.9,43.9,116.6,47,none,none,119.2,48.4,3539,-3546,3539,-3548,3539,-3545,3536,-3544,3535,-3544,3536,-3544,3540,-3551,3537,-3549,3538,-3549,3539,-3548,3539,-3551,3537,-3546,3538,-3551,3535,-3546,3535,-3544,3539,-3544,3537,-3543,3537,-3546,3534,-3545,3534,-3546,3535,-3542,3540,-3548,3540,-3550,3540,-3546,3541,-3546,3540,-3547,3542,-3548,3543,-3548,3543,-3547,3542,-3547,3541,-3550,3541,-3550,3541,-3549,3535,-3546,3539,-3546,3538,-3543,3536,-3549,3538,-3551,3537,-3551,3539,-3552,3539,-3554,3537,-3550,3537,-3551,3539,-3550,3539,-3548,3538,-3548,3538,-3549,3538,-3546,-0.37,101.32,13.04,17733,46,182,38.5,38.25,39,39,71.6,95.26,-1658,100,1663201568.112,5120,2,1,0,7,0,0,0,0,4,340.19,340.19,8D047F,1,1,1,80,91,40,40,0,0,0,1.23,4895,3
